date,channel,sessions
2024-01-01,Paid Search,557
2024-01-01,Organic,432
2024-01-01,Email,181
2024-01-01,Social,342
2024-01-01,Affiliate,298
2024-01-01,Direct,161
2024-01-02,Paid Search,681
2024-01-02,Organic,574
2024-01-02,Email,329
2024-01-02,Social,381
2024-01-02,Affiliate,97
2024-01-02,Direct,225
2024-01-03,Paid Search,571
2024-01-03,Organic,511
2024-01-03,Email,266
2024-01-03,Social,280
2024-01-03,Affiliate,189
2024-01-03,Direct,209
2024-01-04,Paid Search,591
2024-01-04,Organic,450
2024-01-04,Email,223
2024-01-04,Social,442
2024-01-04,Affiliate,122
2024-01-04,Direct,301
2024-01-05,Paid Search,674
2024-01-05,Organic,556
2024-01-05,Email,321
2024-01-05,Social,433
2024-01-05,Affiliate,219
2024-01-05,Direct,214
2024-01-06,Paid Search,709
2024-01-06,Organic,655
2024-01-06,Email,276
2024-01-06,Social,414
2024-01-06,Affiliate,167
2024-01-06,Direct,242
2024-01-07,Paid Search,683
2024-01-07,Organic,581
2024-01-07,Email,235
2024-01-07,Social,488
2024-01-07,Affiliate,253
2024-01-07,Direct,166
2024-01-08,Paid Search,718
2024-01-08,Organic,500
2024-01-08,Email,298
2024-01-08,Social,364
2024-01-08,Affiliate,149
2024-01-08,Direct,162
2024-01-09,Paid Search,690
2024-01-09,Organic,570
2024-01-09,Email,307
2024-01-09,Social,404
2024-01-09,Affiliate,343
2024-01-09,Direct,184
2024-01-10,Paid Search,613
2024-01-10,Organic,497
2024-01-10,Email,175
2024-01-10,Social,331
2024-01-10,Affiliate,178
2024-01-10,Direct,202
2024-01-11,Paid Search,697
2024-01-11,Organic,481
2024-01-11,Email,216
2024-01-11,Social,326
2024-01-11,Affiliate,299
2024-01-11,Direct,236
2024-01-12,Paid Search,694
2024-01-12,Organic,503
2024-01-12,Email,404
2024-01-12,Social,376
2024-01-12,Affiliate,73
2024-01-12,Direct,242
2024-01-13,Paid Search,605
2024-01-13,Organic,586
2024-01-13,Email,371
2024-01-13,Social,495
2024-01-13,Affiliate,315
2024-01-13,Direct,198
2024-01-14,Paid Search,611
2024-01-14,Organic,554
2024-01-14,Email,243
2024-01-14,Social,408
2024-01-14,Affiliate,154
2024-01-14,Direct,343
2024-01-15,Paid Search,539
2024-01-15,Organic,489
2024-01-15,Email,324
2024-01-15,Social,370
2024-01-15,Affiliate,156
2024-01-15,Direct,144
2024-01-16,Paid Search,596
2024-01-16,Organic,395
2024-01-16,Email,469
2024-01-16,Social,357
2024-01-16,Affiliate,197
2024-01-16,Direct,295
2024-01-17,Paid Search,613
2024-01-17,Organic,630
2024-01-17,Email,335
2024-01-17,Social,427
2024-01-17,Affiliate,190
2024-01-17,Direct,255
2024-01-18,Paid Search,607
2024-01-18,Organic,536
2024-01-18,Email,173
2024-01-18,Social,411
2024-01-18,Affiliate,124
2024-01-18,Direct,84
2024-01-19,Paid Search,610
2024-01-19,Organic,459
2024-01-19,Email,237
2024-01-19,Social,309
2024-01-19,Affiliate,184
2024-01-19,Direct,137
2024-01-20,Paid Search,652
2024-01-20,Organic,596
2024-01-20,Email,403
2024-01-20,Social,509
2024-01-20,Affiliate,74
2024-01-20,Direct,220
2024-01-21,Paid Search,642
2024-01-21,Organic,582
2024-01-21,Email,211
2024-01-21,Social,513
2024-01-21,Affiliate,174
2024-01-21,Direct,233
2024-01-22,Paid Search,628
2024-01-22,Organic,541
2024-01-22,Email,271
2024-01-22,Social,261
2024-01-22,Affiliate,206
2024-01-22,Direct,166
2024-01-23,Paid Search,625
2024-01-23,Organic,470
2024-01-23,Email,437
2024-01-23,Social,418
2024-01-23,Affiliate,282
2024-01-23,Direct,222
2024-01-24,Paid Search,646
2024-01-24,Organic,532
2024-01-24,Email,229
2024-01-24,Social,447
2024-01-24,Affiliate,109
2024-01-24,Direct,208
2024-01-25,Paid Search,735
2024-01-25,Organic,551
2024-01-25,Email,335
2024-01-25,Social,414
2024-01-25,Affiliate,174
2024-01-25,Direct,262
2024-01-26,Paid Search,621
2024-01-26,Organic,587
2024-01-26,Email,346
2024-01-26,Social,266
2024-01-26,Affiliate,92
2024-01-26,Direct,250
2024-01-27,Paid Search,699
2024-01-27,Organic,509
2024-01-27,Email,336
2024-01-27,Social,330
2024-01-27,Affiliate,171
2024-01-27,Direct,212
2024-01-28,Paid Search,635
2024-01-28,Organic,609
2024-01-28,Email,281
2024-01-28,Social,480
2024-01-28,Affiliate,130
2024-01-28,Direct,225
2024-01-29,Paid Search,645
2024-01-29,Organic,548
2024-01-29,Email,347
2024-01-29,Social,396
2024-01-29,Affiliate,172
2024-01-29,Direct,207
2024-01-30,Paid Search,737
2024-01-30,Organic,551
2024-01-30,Email,296
2024-01-30,Social,442
2024-01-30,Affiliate,302
2024-01-30,Direct,266
2024-01-31,Paid Search,572
2024-01-31,Organic,556
2024-01-31,Email,268
2024-01-31,Social,431
2024-01-31,Affiliate,221
2024-01-31,Direct,237
2024-02-01,Paid Search,676
2024-02-01,Organic,617
2024-02-01,Email,367
2024-02-01,Social,398
2024-02-01,Affiliate,215
2024-02-01,Direct,254
2024-02-02,Paid Search,628
2024-02-02,Organic,612
2024-02-02,Email,332
2024-02-02,Social,530
2024-02-02,Affiliate,232
2024-02-02,Direct,222
2024-02-03,Paid Search,675
2024-02-03,Organic,611
2024-02-03,Email,304
2024-02-03,Social,513
2024-02-03,Affiliate,205
2024-02-03,Direct,284
2024-02-04,Paid Search,701
2024-02-04,Organic,534
2024-02-04,Email,332
2024-02-04,Social,345
2024-02-04,Affiliate,277
2024-02-04,Direct,253
2024-02-05,Paid Search,715
2024-02-05,Organic,626
2024-02-05,Email,317
2024-02-05,Social,369
2024-02-05,Affiliate,254
2024-02-05,Direct,276
2024-02-06,Paid Search,581
2024-02-06,Organic,555
2024-02-06,Email,292
2024-02-06,Social,403
2024-02-06,Affiliate,192
2024-02-06,Direct,234
2024-02-07,Paid Search,621
2024-02-07,Organic,582
2024-02-07,Email,207
2024-02-07,Social,349
2024-02-07,Affiliate,209
2024-02-07,Direct,233
2024-02-08,Paid Search,599
2024-02-08,Organic,472
2024-02-08,Email,298
2024-02-08,Social,364
2024-02-08,Affiliate,220
2024-02-08,Direct,283
2024-02-09,Paid Search,688
2024-02-09,Organic,560
2024-02-09,Email,268
2024-02-09,Social,395
2024-02-09,Affiliate,200
2024-02-09,Direct,329
2024-02-10,Paid Search,680
2024-02-10,Organic,542
2024-02-10,Email,200
2024-02-10,Social,522
2024-02-10,Affiliate,203
2024-02-10,Direct,208
2024-02-11,Paid Search,731
2024-02-11,Organic,520
2024-02-11,Email,306
2024-02-11,Social,505
2024-02-11,Affiliate,199
2024-02-11,Direct,256
2024-02-12,Paid Search,526
2024-02-12,Organic,554
2024-02-12,Email,210
2024-02-12,Social,436
2024-02-12,Affiliate,162
2024-02-12,Direct,269
2024-02-13,Paid Search,668
2024-02-13,Organic,448
2024-02-13,Email,307
2024-02-13,Social,369
2024-02-13,Affiliate,154
2024-02-13,Direct,123
2024-02-14,Paid Search,655
2024-02-14,Organic,430
2024-02-14,Email,309
2024-02-14,Social,393
2024-02-14,Affiliate,50
2024-02-14,Direct,236
2024-02-15,Paid Search,655
2024-02-15,Organic,536
2024-02-15,Email,150
2024-02-15,Social,413
2024-02-15,Affiliate,139
2024-02-15,Direct,237
2024-02-16,Paid Search,495
2024-02-16,Organic,522
2024-02-16,Email,460
2024-02-16,Social,352
2024-02-16,Affiliate,269
2024-02-16,Direct,246
2024-02-17,Paid Search,664
2024-02-17,Organic,562
2024-02-17,Email,262
2024-02-17,Social,461
2024-02-17,Affiliate,158
2024-02-17,Direct,169
2024-02-18,Paid Search,764
2024-02-18,Organic,672
2024-02-18,Email,237
2024-02-18,Social,631
2024-02-18,Affiliate,234
2024-02-18,Direct,223
2024-02-19,Paid Search,510
2024-02-19,Organic,511
2024-02-19,Email,247
2024-02-19,Social,358
2024-02-19,Affiliate,210
2024-02-19,Direct,194
2024-02-20,Paid Search,691
2024-02-20,Organic,639
2024-02-20,Email,285
2024-02-20,Social,359
2024-02-20,Affiliate,81
2024-02-20,Direct,200
2024-02-21,Paid Search,615
2024-02-21,Organic,566
2024-02-21,Email,308
2024-02-21,Social,403
2024-02-21,Affiliate,135
2024-02-21,Direct,171
2024-02-22,Paid Search,590
2024-02-22,Organic,532
2024-02-22,Email,352
2024-02-22,Social,389
2024-02-22,Affiliate,245
2024-02-22,Direct,208
2024-02-23,Paid Search,644
2024-02-23,Organic,567
2024-02-23,Email,402
2024-02-23,Social,431
2024-02-23,Affiliate,199
2024-02-23,Direct,334
2024-02-24,Paid Search,605
2024-02-24,Organic,724
2024-02-24,Email,224
2024-02-24,Social,486
2024-02-24,Affiliate,147
2024-02-24,Direct,247
2024-02-25,Paid Search,771
2024-02-25,Organic,640
2024-02-25,Email,320
2024-02-25,Social,574
2024-02-25,Affiliate,197
2024-02-25,Direct,239
2024-02-26,Paid Search,645
2024-02-26,Organic,639
2024-02-26,Email,263
2024-02-26,Social,374
2024-02-26,Affiliate,172
2024-02-26,Direct,256
2024-02-27,Paid Search,602
2024-02-27,Organic,488
2024-02-27,Email,321
2024-02-27,Social,395
2024-02-27,Affiliate,155
2024-02-27,Direct,159
2024-02-28,Paid Search,636
2024-02-28,Organic,574
2024-02-28,Email,287
2024-02-28,Social,434
2024-02-28,Affiliate,167
2024-02-28,Direct,328
2024-02-29,Paid Search,583
2024-02-29,Organic,607
2024-02-29,Email,266
2024-02-29,Social,508
2024-02-29,Affiliate,191
2024-02-29,Direct,253
2024-03-01,Paid Search,666
2024-03-01,Organic,511
2024-03-01,Email,513
2024-03-01,Social,352
2024-03-01,Affiliate,213
2024-03-01,Direct,258
2024-03-02,Paid Search,720
2024-03-02,Organic,660
2024-03-02,Email,274
2024-03-02,Social,445
2024-03-02,Affiliate,158
2024-03-02,Direct,110
2024-03-03,Paid Search,686
2024-03-03,Organic,489
2024-03-03,Email,265
2024-03-03,Social,561
2024-03-03,Affiliate,216
2024-03-03,Direct,282
2024-03-04,Paid Search,677
2024-03-04,Organic,600
2024-03-04,Email,164
2024-03-04,Social,402
2024-03-04,Affiliate,217
2024-03-04,Direct,120
2024-03-05,Paid Search,712
2024-03-05,Organic,521
2024-03-05,Email,370
2024-03-05,Social,425
2024-03-05,Affiliate,172
2024-03-05,Direct,247
2024-03-06,Paid Search,626
2024-03-06,Organic,573
2024-03-06,Email,269
2024-03-06,Social,462
2024-03-06,Affiliate,189
2024-03-06,Direct,161
2024-03-07,Paid Search,723
2024-03-07,Organic,555
2024-03-07,Email,308
2024-03-07,Social,425
2024-03-07,Affiliate,145
2024-03-07,Direct,217
2024-03-08,Paid Search,578
2024-03-08,Organic,490
2024-03-08,Email,333
2024-03-08,Social,409
2024-03-08,Affiliate,237
2024-03-08,Direct,314
2024-03-09,Paid Search,768
2024-03-09,Organic,669
2024-03-09,Email,246
2024-03-09,Social,552
2024-03-09,Affiliate,184
2024-03-09,Direct,226
2024-03-10,Paid Search,684
2024-03-10,Organic,634
2024-03-10,Email,228
2024-03-10,Social,630
2024-03-10,Affiliate,205
2024-03-10,Direct,270
2024-03-11,Paid Search,729
2024-03-11,Organic,565
2024-03-11,Email,333
2024-03-11,Social,466
2024-03-11,Affiliate,126
2024-03-11,Direct,272
2024-03-12,Paid Search,645
2024-03-12,Organic,553
2024-03-12,Email,278
2024-03-12,Social,417
2024-03-12,Affiliate,191
2024-03-12,Direct,273
2024-03-13,Paid Search,725
2024-03-13,Organic,610
2024-03-13,Email,246
2024-03-13,Social,338
2024-03-13,Affiliate,146
2024-03-13,Direct,170
2024-03-14,Paid Search,709
2024-03-14,Organic,571
2024-03-14,Email,218
2024-03-14,Social,417
2024-03-14,Affiliate,247
2024-03-14,Direct,220
2024-03-15,Paid Search,665
2024-03-15,Organic,453
2024-03-15,Email,419
2024-03-15,Social,434
2024-03-15,Affiliate,106
2024-03-15,Direct,274
2024-03-16,Paid Search,690
2024-03-16,Organic,574
2024-03-16,Email,290
2024-03-16,Social,468
2024-03-16,Affiliate,192
2024-03-16,Direct,366
2024-03-17,Paid Search,729
2024-03-17,Organic,549
2024-03-17,Email,287
2024-03-17,Social,578
2024-03-17,Affiliate,227
2024-03-17,Direct,345
2024-03-18,Paid Search,691
2024-03-18,Organic,627
2024-03-18,Email,295
2024-03-18,Social,357
2024-03-18,Affiliate,116
2024-03-18,Direct,176
2024-03-19,Paid Search,698
2024-03-19,Organic,604
2024-03-19,Email,317
2024-03-19,Social,422
2024-03-19,Affiliate,177
2024-03-19,Direct,304
2024-03-20,Paid Search,723
2024-03-20,Organic,654
2024-03-20,Email,256
2024-03-20,Social,511
2024-03-20,Affiliate,206
2024-03-20,Direct,194
2024-03-21,Paid Search,619
2024-03-21,Organic,514
2024-03-21,Email,194
2024-03-21,Social,358
2024-03-21,Affiliate,180
2024-03-21,Direct,321
2024-03-22,Paid Search,656
2024-03-22,Organic,468
2024-03-22,Email,308
2024-03-22,Social,429
2024-03-22,Affiliate,247
2024-03-22,Direct,246
2024-03-23,Paid Search,699
2024-03-23,Organic,555
2024-03-23,Email,286
2024-03-23,Social,446
2024-03-23,Affiliate,163
2024-03-23,Direct,249
2024-03-24,Paid Search,713
2024-03-24,Organic,568
2024-03-24,Email,304
2024-03-24,Social,518
2024-03-24,Affiliate,146
2024-03-24,Direct,240
2024-03-25,Paid Search,639
2024-03-25,Organic,561
2024-03-25,Email,251
2024-03-25,Social,339
2024-03-25,Affiliate,156
2024-03-25,Direct,207
2024-03-26,Paid Search,711
2024-03-26,Organic,554
2024-03-26,Email,405
2024-03-26,Social,497
2024-03-26,Affiliate,100
2024-03-26,Direct,201
2024-03-27,Paid Search,689
2024-03-27,Organic,542
2024-03-27,Email,263
2024-03-27,Social,485
2024-03-27,Affiliate,298
2024-03-27,Direct,273
2024-03-28,Paid Search,506
2024-03-28,Organic,580
2024-03-28,Email,364
2024-03-28,Social,438
2024-03-28,Affiliate,214
2024-03-28,Direct,263
2024-03-29,Paid Search,803
2024-03-29,Organic,600
2024-03-29,Email,301
2024-03-29,Social,474
2024-03-29,Affiliate,194
2024-03-29,Direct,197
2024-03-30,Paid Search,645
2024-03-30,Organic,640
2024-03-30,Email,282
2024-03-30,Social,611
2024-03-30,Affiliate,162
2024-03-30,Direct,204
2024-03-31,Paid Search,658
2024-03-31,Organic,588
2024-03-31,Email,440
2024-03-31,Social,551
2024-03-31,Affiliate,280
2024-03-31,Direct,261
2024-04-01,Paid Search,712
2024-04-01,Organic,643
2024-04-01,Email,175
2024-04-01,Social,403
2024-04-01,Affiliate,235
2024-04-01,Direct,180
2024-04-02,Paid Search,647
2024-04-02,Organic,622
2024-04-02,Email,338
2024-04-02,Social,536
2024-04-02,Affiliate,180
2024-04-02,Direct,246
2024-04-03,Paid Search,683
2024-04-03,Organic,577
2024-04-03,Email,314
2024-04-03,Social,463
2024-04-03,Affiliate,308
2024-04-03,Direct,309
2024-04-04,Paid Search,707
2024-04-04,Organic,520
2024-04-04,Email,280
2024-04-04,Social,399
2024-04-04,Affiliate,236
2024-04-04,Direct,162
2024-04-05,Paid Search,593
2024-04-05,Organic,496
2024-04-05,Email,386
2024-04-05,Social,406
2024-04-05,Affiliate,265
2024-04-05,Direct,222
2024-04-06,Paid Search,793
2024-04-06,Organic,541
2024-04-06,Email,281
2024-04-06,Social,545
2024-04-06,Affiliate,197
2024-04-06,Direct,179
2024-04-07,Paid Search,750
2024-04-07,Organic,526
2024-04-07,Email,216
2024-04-07,Social,551
2024-04-07,Affiliate,154
2024-04-07,Direct,337
2024-04-08,Paid Search,655
2024-04-08,Organic,551
2024-04-08,Email,270
2024-04-08,Social,432
2024-04-08,Affiliate,142
2024-04-08,Direct,267
2024-04-09,Paid Search,631
2024-04-09,Organic,586
2024-04-09,Email,448
2024-04-09,Social,425
2024-04-09,Affiliate,154
2024-04-09,Direct,230
2024-04-10,Paid Search,590
2024-04-10,Organic,544
2024-04-10,Email,351
2024-04-10,Social,444
2024-04-10,Affiliate,189
2024-04-10,Direct,265
2024-04-11,Paid Search,672
2024-04-11,Organic,573
2024-04-11,Email,229
2024-04-11,Social,478
2024-04-11,Affiliate,348
2024-04-11,Direct,158
2024-04-12,Paid Search,588
2024-04-12,Organic,506
2024-04-12,Email,385
2024-04-12,Social,388
2024-04-12,Affiliate,212
2024-04-12,Direct,272
2024-04-13,Paid Search,683
2024-04-13,Organic,542
2024-04-13,Email,412
2024-04-13,Social,636
2024-04-13,Affiliate,125
2024-04-13,Direct,220
2024-04-14,Paid Search,695
2024-04-14,Organic,512
2024-04-14,Email,200
2024-04-14,Social,609
2024-04-14,Affiliate,100
2024-04-14,Direct,263
2024-04-15,Paid Search,729
2024-04-15,Organic,654
2024-04-15,Email,251
2024-04-15,Social,422
2024-04-15,Affiliate,258
2024-04-15,Direct,171
2024-04-16,Paid Search,612
2024-04-16,Organic,607
2024-04-16,Email,370
2024-04-16,Social,354
2024-04-16,Affiliate,68
2024-04-16,Direct,173
2024-04-17,Paid Search,560
2024-04-17,Organic,577
2024-04-17,Email,228
2024-04-17,Social,491
2024-04-17,Affiliate,291
2024-04-17,Direct,183
2024-04-18,Paid Search,685
2024-04-18,Organic,589
2024-04-18,Email,267
2024-04-18,Social,459
2024-04-18,Affiliate,248
2024-04-18,Direct,227
2024-04-19,Paid Search,630
2024-04-19,Organic,605
2024-04-19,Email,486
2024-04-19,Social,507
2024-04-19,Affiliate,206
2024-04-19,Direct,171
2024-04-20,Paid Search,714
2024-04-20,Organic,574
2024-04-20,Email,342
2024-04-20,Social,406
2024-04-20,Affiliate,110
2024-04-20,Direct,239
2024-04-21,Paid Search,763
2024-04-21,Organic,590
2024-04-21,Email,387
2024-04-21,Social,516
2024-04-21,Affiliate,231
2024-04-21,Direct,236
2024-04-22,Paid Search,620
2024-04-22,Organic,588
2024-04-22,Email,252
2024-04-22,Social,343
2024-04-22,Affiliate,168
2024-04-22,Direct,249
2024-04-23,Paid Search,704
2024-04-23,Organic,706
2024-04-23,Email,414
2024-04-23,Social,432
2024-04-23,Affiliate,157
2024-04-23,Direct,202
2024-04-24,Paid Search,700
2024-04-24,Organic,632
2024-04-24,Email,268
2024-04-24,Social,486
2024-04-24,Affiliate,284
2024-04-24,Direct,304
2024-04-25,Paid Search,622
2024-04-25,Organic,621
2024-04-25,Email,338
2024-04-25,Social,390
2024-04-25,Affiliate,188
2024-04-25,Direct,279
2024-04-26,Paid Search,770
2024-04-26,Organic,529
2024-04-26,Email,315
2024-04-26,Social,497
2024-04-26,Affiliate,143
2024-04-26,Direct,199
2024-04-27,Paid Search,773
2024-04-27,Organic,662
2024-04-27,Email,435
2024-04-27,Social,629
2024-04-27,Affiliate,260
2024-04-27,Direct,222
2024-04-28,Paid Search,753
2024-04-28,Organic,759
2024-04-28,Email,302
2024-04-28,Social,463
2024-04-28,Affiliate,178
2024-04-28,Direct,254
2024-04-29,Paid Search,588
2024-04-29,Organic,525
2024-04-29,Email,265
2024-04-29,Social,356
2024-04-29,Affiliate,182
2024-04-29,Direct,336
2024-04-30,Paid Search,694
2024-04-30,Organic,623
2024-04-30,Email,392
2024-04-30,Social,457
2024-04-30,Affiliate,182
2024-04-30,Direct,253
2024-05-01,Paid Search,554
2024-05-01,Organic,610
2024-05-01,Email,338
2024-05-01,Social,396
2024-05-01,Affiliate,184
2024-05-01,Direct,212
2024-05-02,Paid Search,707
2024-05-02,Organic,442
2024-05-02,Email,314
2024-05-02,Social,346
2024-05-02,Affiliate,155
2024-05-02,Direct,287
2024-05-03,Paid Search,760
2024-05-03,Organic,557
2024-05-03,Email,269
2024-05-03,Social,420
2024-05-03,Affiliate,174
2024-05-03,Direct,226
2024-05-04,Paid Search,748
2024-05-04,Organic,622
2024-05-04,Email,325
2024-05-04,Social,503
2024-05-04,Affiliate,216
2024-05-04,Direct,228
2024-05-05,Paid Search,707
2024-05-05,Organic,663
2024-05-05,Email,368
2024-05-05,Social,559
2024-05-05,Affiliate,263
2024-05-05,Direct,274
2024-05-06,Paid Search,657
2024-05-06,Organic,543
2024-05-06,Email,281
2024-05-06,Social,436
2024-05-06,Affiliate,176
2024-05-06,Direct,311
2024-05-07,Paid Search,625
2024-05-07,Organic,535
2024-05-07,Email,436
2024-05-07,Social,497
2024-05-07,Affiliate,212
2024-05-07,Direct,179
2024-05-08,Paid Search,714
2024-05-08,Organic,609
2024-05-08,Email,323
2024-05-08,Social,459
2024-05-08,Affiliate,191
2024-05-08,Direct,225
2024-05-09,Paid Search,657
2024-05-09,Organic,660
2024-05-09,Email,357
2024-05-09,Social,525
2024-05-09,Affiliate,86
2024-05-09,Direct,249
2024-05-10,Paid Search,656
2024-05-10,Organic,552
2024-05-10,Email,321
2024-05-10,Social,452
2024-05-10,Affiliate,219
2024-05-10,Direct,277
2024-05-11,Paid Search,710
2024-05-11,Organic,759
2024-05-11,Email,377
2024-05-11,Social,442
2024-05-11,Affiliate,281
2024-05-11,Direct,290
2024-05-12,Paid Search,685
2024-05-12,Organic,738
2024-05-12,Email,259
2024-05-12,Social,438
2024-05-12,Affiliate,163
2024-05-12,Direct,240
2024-05-13,Paid Search,723
2024-05-13,Organic,514
2024-05-13,Email,267
2024-05-13,Social,428
2024-05-13,Affiliate,101
2024-05-13,Direct,189
2024-05-14,Paid Search,769
2024-05-14,Organic,503
2024-05-14,Email,279
2024-05-14,Social,464
2024-05-14,Affiliate,135
2024-05-14,Direct,218
2024-05-15,Paid Search,674
2024-05-15,Organic,650
2024-05-15,Email,362
2024-05-15,Social,509
2024-05-15,Affiliate,141
2024-05-15,Direct,243
2024-05-16,Paid Search,633
2024-05-16,Organic,646
2024-05-16,Email,293
2024-05-16,Social,404
2024-05-16,Affiliate,256
2024-05-16,Direct,247
2024-05-17,Paid Search,639
2024-05-17,Organic,696
2024-05-17,Email,405
2024-05-17,Social,436
2024-05-17,Affiliate,159
2024-05-17,Direct,269
2024-05-18,Paid Search,869
2024-05-18,Organic,626
2024-05-18,Email,384
2024-05-18,Social,663
2024-05-18,Affiliate,124
2024-05-18,Direct,228
2024-05-19,Paid Search,775
2024-05-19,Organic,599
2024-05-19,Email,384
2024-05-19,Social,542
2024-05-19,Affiliate,188
2024-05-19,Direct,247
2024-05-20,Paid Search,665
2024-05-20,Organic,556
2024-05-20,Email,316
2024-05-20,Social,476
2024-05-20,Affiliate,193
2024-05-20,Direct,260
2024-05-21,Paid Search,772
2024-05-21,Organic,471
2024-05-21,Email,388
2024-05-21,Social,391
2024-05-21,Affiliate,275
2024-05-21,Direct,206
2024-05-22,Paid Search,698
2024-05-22,Organic,589
2024-05-22,Email,248
2024-05-22,Social,480
2024-05-22,Affiliate,242
2024-05-22,Direct,254
2024-05-23,Paid Search,791
2024-05-23,Organic,555
2024-05-23,Email,290
2024-05-23,Social,519
2024-05-23,Affiliate,261
2024-05-23,Direct,235
2024-05-24,Paid Search,652
2024-05-24,Organic,548
2024-05-24,Email,350
2024-05-24,Social,499
2024-05-24,Affiliate,288
2024-05-24,Direct,263
2024-05-25,Paid Search,770
2024-05-25,Organic,589
2024-05-25,Email,389
2024-05-25,Social,431
2024-05-25,Affiliate,296
2024-05-25,Direct,220
2024-05-26,Paid Search,718
2024-05-26,Organic,620
2024-05-26,Email,293
2024-05-26,Social,476
2024-05-26,Affiliate,131
2024-05-26,Direct,290
2024-05-27,Paid Search,663
2024-05-27,Organic,584
2024-05-27,Email,409
2024-05-27,Social,386
2024-05-27,Affiliate,180
2024-05-27,Direct,315
2024-05-28,Paid Search,738
2024-05-28,Organic,586
2024-05-28,Email,287
2024-05-28,Social,446
2024-05-28,Affiliate,197
2024-05-28,Direct,214
2024-05-29,Paid Search,664
2024-05-29,Organic,578
2024-05-29,Email,313
2024-05-29,Social,379
2024-05-29,Affiliate,317
2024-05-29,Direct,193
2024-05-30,Paid Search,640
2024-05-30,Organic,537
2024-05-30,Email,324
2024-05-30,Social,503
2024-05-30,Affiliate,178
2024-05-30,Direct,230
2024-05-31,Paid Search,620
2024-05-31,Organic,793
2024-05-31,Email,419
2024-05-31,Social,370
2024-05-31,Affiliate,183
2024-05-31,Direct,335
2024-06-01,Paid Search,702
2024-06-01,Organic,663
2024-06-01,Email,441
2024-06-01,Social,559
2024-06-01,Affiliate,101
2024-06-01,Direct,273
2024-06-02,Paid Search,732
2024-06-02,Organic,636
2024-06-02,Email,323
2024-06-02,Social,475
2024-06-02,Affiliate,204
2024-06-02,Direct,329
2024-06-03,Paid Search,728
2024-06-03,Organic,645
2024-06-03,Email,157
2024-06-03,Social,444
2024-06-03,Affiliate,171
2024-06-03,Direct,259
2024-06-04,Paid Search,770
2024-06-04,Organic,639
2024-06-04,Email,456
2024-06-04,Social,437
2024-06-04,Affiliate,321
2024-06-04,Direct,365
2024-06-05,Paid Search,743
2024-06-05,Organic,589
2024-06-05,Email,288
2024-06-05,Social,458
2024-06-05,Affiliate,85
2024-06-05,Direct,272
2024-06-06,Paid Search,808
2024-06-06,Organic,603
2024-06-06,Email,404
2024-06-06,Social,362
2024-06-06,Affiliate,297
2024-06-06,Direct,326
2024-06-07,Paid Search,707
2024-06-07,Organic,503
2024-06-07,Email,326
2024-06-07,Social,432
2024-06-07,Affiliate,271
2024-06-07,Direct,275
2024-06-08,Paid Search,684
2024-06-08,Organic,663
2024-06-08,Email,432
2024-06-08,Social,528
2024-06-08,Affiliate,226
2024-06-08,Direct,172
2024-06-09,Paid Search,762
2024-06-09,Organic,652
2024-06-09,Email,284
2024-06-09,Social,586
2024-06-09,Affiliate,352
2024-06-09,Direct,306
2024-06-10,Paid Search,823
2024-06-10,Organic,544
2024-06-10,Email,216
2024-06-10,Social,468
2024-06-10,Affiliate,210
2024-06-10,Direct,186
2024-06-11,Paid Search,806
2024-06-11,Organic,584
2024-06-11,Email,366
2024-06-11,Social,443
2024-06-11,Affiliate,203
2024-06-11,Direct,341
2024-06-12,Paid Search,807
2024-06-12,Organic,609
2024-06-12,Email,305
2024-06-12,Social,386
2024-06-12,Affiliate,311
2024-06-12,Direct,169
2024-06-13,Paid Search,709
2024-06-13,Organic,574
2024-06-13,Email,314
2024-06-13,Social,405
2024-06-13,Affiliate,236
2024-06-13,Direct,182
2024-06-14,Paid Search,618
2024-06-14,Organic,609
2024-06-14,Email,420
2024-06-14,Social,486
2024-06-14,Affiliate,167
2024-06-14,Direct,249
2024-06-15,Paid Search,774
2024-06-15,Organic,692
2024-06-15,Email,265
2024-06-15,Social,563
2024-06-15,Affiliate,70
2024-06-15,Direct,176
2024-06-16,Paid Search,813
2024-06-16,Organic,650
2024-06-16,Email,454
2024-06-16,Social,613
2024-06-16,Affiliate,188
2024-06-16,Direct,222
2024-06-17,Paid Search,722
2024-06-17,Organic,586
2024-06-17,Email,285
2024-06-17,Social,480
2024-06-17,Affiliate,261
2024-06-17,Direct,264
2024-06-18,Paid Search,660
2024-06-18,Organic,667
2024-06-18,Email,355
2024-06-18,Social,414
2024-06-18,Affiliate,155
2024-06-18,Direct,221
2024-06-19,Paid Search,563
2024-06-19,Organic,580
2024-06-19,Email,400
2024-06-19,Social,461
2024-06-19,Affiliate,199
2024-06-19,Direct,300
2024-06-20,Paid Search,704
2024-06-20,Organic,559
2024-06-20,Email,236
2024-06-20,Social,457
2024-06-20,Affiliate,265
2024-06-20,Direct,309
2024-06-21,Paid Search,674
2024-06-21,Organic,676
2024-06-21,Email,331
2024-06-21,Social,412
2024-06-21,Affiliate,301
2024-06-21,Direct,237
2024-06-22,Paid Search,751
2024-06-22,Organic,665
2024-06-22,Email,226
2024-06-22,Social,526
2024-06-22,Affiliate,247
2024-06-22,Direct,238
2024-06-23,Paid Search,729
2024-06-23,Organic,635
2024-06-23,Email,461
2024-06-23,Social,690
2024-06-23,Affiliate,222
2024-06-23,Direct,253
2024-06-24,Paid Search,747
2024-06-24,Organic,472
2024-06-24,Email,376
2024-06-24,Social,469
2024-06-24,Affiliate,167
2024-06-24,Direct,267
2024-06-25,Paid Search,771
2024-06-25,Organic,564
2024-06-25,Email,353
2024-06-25,Social,429
2024-06-25,Affiliate,252
2024-06-25,Direct,321
2024-06-26,Paid Search,660
2024-06-26,Organic,671
2024-06-26,Email,344
2024-06-26,Social,467
2024-06-26,Affiliate,248
2024-06-26,Direct,234
2024-06-27,Paid Search,762
2024-06-27,Organic,521
2024-06-27,Email,264
2024-06-27,Social,397
2024-06-27,Affiliate,296
2024-06-27,Direct,189
2024-06-28,Paid Search,720
2024-06-28,Organic,513
2024-06-28,Email,346
2024-06-28,Social,425
2024-06-28,Affiliate,236
2024-06-28,Direct,222
2024-06-29,Paid Search,707
2024-06-29,Organic,594
2024-06-29,Email,320
2024-06-29,Social,549
2024-06-29,Affiliate,188
2024-06-29,Direct,376
2024-06-30,Paid Search,815
2024-06-30,Organic,744
2024-06-30,Email,376
2024-06-30,Social,578
2024-06-30,Affiliate,202
2024-06-30,Direct,366
2024-07-01,Paid Search,656
2024-07-01,Organic,675
2024-07-01,Email,301
2024-07-01,Social,335
2024-07-01,Affiliate,269
2024-07-01,Direct,196
2024-07-02,Paid Search,636
2024-07-02,Organic,606
2024-07-02,Email,352
2024-07-02,Social,480
2024-07-02,Affiliate,181
2024-07-02,Direct,322
2024-07-03,Paid Search,768
2024-07-03,Organic,732
2024-07-03,Email,197
2024-07-03,Social,494
2024-07-03,Affiliate,239
2024-07-03,Direct,172
2024-07-04,Paid Search,545
2024-07-04,Organic,600
2024-07-04,Email,356
2024-07-04,Social,399
2024-07-04,Affiliate,233
2024-07-04,Direct,188
2024-07-05,Paid Search,731
2024-07-05,Organic,666
2024-07-05,Email,447
2024-07-05,Social,479
2024-07-05,Affiliate,102
2024-07-05,Direct,158
2024-07-06,Paid Search,874
2024-07-06,Organic,760
2024-07-06,Email,301
2024-07-06,Social,561
2024-07-06,Affiliate,262
2024-07-06,Direct,181
2024-07-07,Paid Search,827
2024-07-07,Organic,724
2024-07-07,Email,371
2024-07-07,Social,573
2024-07-07,Affiliate,263
2024-07-07,Direct,229
2024-07-08,Paid Search,692
2024-07-08,Organic,596
2024-07-08,Email,250
2024-07-08,Social,408
2024-07-08,Affiliate,225
2024-07-08,Direct,310
2024-07-09,Paid Search,677
2024-07-09,Organic,545
2024-07-09,Email,340
2024-07-09,Social,453
2024-07-09,Affiliate,257
2024-07-09,Direct,339
2024-07-10,Paid Search,688
2024-07-10,Organic,689
2024-07-10,Email,283
2024-07-10,Social,346
2024-07-10,Affiliate,193
2024-07-10,Direct,297
2024-07-11,Paid Search,709
2024-07-11,Organic,564
2024-07-11,Email,281
2024-07-11,Social,501
2024-07-11,Affiliate,213
2024-07-11,Direct,226
2024-07-12,Paid Search,729
2024-07-12,Organic,620
2024-07-12,Email,405
2024-07-12,Social,447
2024-07-12,Affiliate,309
2024-07-12,Direct,147
2024-07-13,Paid Search,834
2024-07-13,Organic,762
2024-07-13,Email,409
2024-07-13,Social,530
2024-07-13,Affiliate,317
2024-07-13,Direct,194
2024-07-14,Paid Search,875
2024-07-14,Organic,631
2024-07-14,Email,314
2024-07-14,Social,538
2024-07-14,Affiliate,240
2024-07-14,Direct,404
2024-07-15,Paid Search,777
2024-07-15,Organic,617
2024-07-15,Email,387
2024-07-15,Social,521
2024-07-15,Affiliate,214
2024-07-15,Direct,300
2024-07-16,Paid Search,719
2024-07-16,Organic,521
2024-07-16,Email,326
2024-07-16,Social,487
2024-07-16,Affiliate,40
2024-07-16,Direct,221
2024-07-17,Paid Search,761
2024-07-17,Organic,621
2024-07-17,Email,312
2024-07-17,Social,480
2024-07-17,Affiliate,283
2024-07-17,Direct,356
2024-07-18,Paid Search,707
2024-07-18,Organic,692
2024-07-18,Email,292
2024-07-18,Social,429
2024-07-18,Affiliate,137
2024-07-18,Direct,253
2024-07-19,Paid Search,764
2024-07-19,Organic,612
2024-07-19,Email,268
2024-07-19,Social,437
2024-07-19,Affiliate,198
2024-07-19,Direct,192
2024-07-20,Paid Search,767
2024-07-20,Organic,634
2024-07-20,Email,341
2024-07-20,Social,527
2024-07-20,Affiliate,207
2024-07-20,Direct,272
2024-07-21,Paid Search,737
2024-07-21,Organic,665
2024-07-21,Email,336
2024-07-21,Social,539
2024-07-21,Affiliate,137
2024-07-21,Direct,327
2024-07-22,Paid Search,848
2024-07-22,Organic,543
2024-07-22,Email,271
2024-07-22,Social,472
2024-07-22,Affiliate,106
2024-07-22,Direct,245
2024-07-23,Paid Search,701
2024-07-23,Organic,570
2024-07-23,Email,345
2024-07-23,Social,414
2024-07-23,Affiliate,110
2024-07-23,Direct,248
2024-07-24,Paid Search,702
2024-07-24,Organic,682
2024-07-24,Email,282
2024-07-24,Social,390
2024-07-24,Affiliate,107
2024-07-24,Direct,255
2024-07-25,Paid Search,713
2024-07-25,Organic,658
2024-07-25,Email,301
2024-07-25,Social,532
2024-07-25,Affiliate,276
2024-07-25,Direct,275
2024-07-26,Paid Search,637
2024-07-26,Organic,699
2024-07-26,Email,423
2024-07-26,Social,454
2024-07-26,Affiliate,256
2024-07-26,Direct,315
2024-07-27,Paid Search,743
2024-07-27,Organic,614
2024-07-27,Email,343
2024-07-27,Social,638
2024-07-27,Affiliate,124
2024-07-27,Direct,269
2024-07-28,Paid Search,831
2024-07-28,Organic,567
2024-07-28,Email,379
2024-07-28,Social,533
2024-07-28,Affiliate,207
2024-07-28,Direct,298
2024-07-29,Paid Search,773
2024-07-29,Organic,673
2024-07-29,Email,388
2024-07-29,Social,370
2024-07-29,Affiliate,261
2024-07-29,Direct,268
2024-07-30,Paid Search,706
2024-07-30,Organic,578
2024-07-30,Email,300
2024-07-30,Social,389
2024-07-30,Affiliate,311
2024-07-30,Direct,245
2024-07-31,Paid Search,715
2024-07-31,Organic,690
2024-07-31,Email,362
2024-07-31,Social,460
2024-07-31,Affiliate,258
2024-07-31,Direct,227
2024-08-01,Paid Search,769
2024-08-01,Organic,514
2024-08-01,Email,306
2024-08-01,Social,470
2024-08-01,Affiliate,131
2024-08-01,Direct,159
2024-08-02,Paid Search,716
2024-08-02,Organic,560
2024-08-02,Email,463
2024-08-02,Social,514
2024-08-02,Affiliate,287
2024-08-02,Direct,368
2024-08-03,Paid Search,866
2024-08-03,Organic,669
2024-08-03,Email,391
2024-08-03,Social,578
2024-08-03,Affiliate,201
2024-08-03,Direct,341
2024-08-04,Paid Search,848
2024-08-04,Organic,575
2024-08-04,Email,357
2024-08-04,Social,575
2024-08-04,Affiliate,224
2024-08-04,Direct,357
2024-08-05,Paid Search,748
2024-08-05,Organic,672
2024-08-05,Email,349
2024-08-05,Social,401
2024-08-05,Affiliate,185
2024-08-05,Direct,330
2024-08-06,Paid Search,720
2024-08-06,Organic,538
2024-08-06,Email,383
2024-08-06,Social,344
2024-08-06,Affiliate,310
2024-08-06,Direct,354
2024-08-07,Paid Search,759
2024-08-07,Organic,664
2024-08-07,Email,284
2024-08-07,Social,516
2024-08-07,Affiliate,179
2024-08-07,Direct,255
2024-08-08,Paid Search,640
2024-08-08,Organic,621
2024-08-08,Email,320
2024-08-08,Social,570
2024-08-08,Affiliate,238
2024-08-08,Direct,274
2024-08-09,Paid Search,754
2024-08-09,Organic,663
2024-08-09,Email,422
2024-08-09,Social,562
2024-08-09,Affiliate,208
2024-08-09,Direct,359
2024-08-10,Paid Search,718
2024-08-10,Organic,764
2024-08-10,Email,395
2024-08-10,Social,531
2024-08-10,Affiliate,217
2024-08-10,Direct,347
2024-08-11,Paid Search,820
2024-08-11,Organic,747
2024-08-11,Email,320
2024-08-11,Social,507
2024-08-11,Affiliate,263
2024-08-11,Direct,194
2024-08-12,Paid Search,605
2024-08-12,Organic,677
2024-08-12,Email,300
2024-08-12,Social,408
2024-08-12,Affiliate,195
2024-08-12,Direct,312
2024-08-13,Paid Search,728
2024-08-13,Organic,606
2024-08-13,Email,379
2024-08-13,Social,545
2024-08-13,Affiliate,214
2024-08-13,Direct,336
2024-08-14,Paid Search,686
2024-08-14,Organic,566
2024-08-14,Email,421
2024-08-14,Social,525
2024-08-14,Affiliate,153
2024-08-14,Direct,294
2024-08-15,Paid Search,731
2024-08-15,Organic,687
2024-08-15,Email,412
2024-08-15,Social,489
2024-08-15,Affiliate,22
2024-08-15,Direct,302
2024-08-16,Paid Search,754
2024-08-16,Organic,620
2024-08-16,Email,382
2024-08-16,Social,433
2024-08-16,Affiliate,234
2024-08-16,Direct,301
2024-08-17,Paid Search,746
2024-08-17,Organic,730
2024-08-17,Email,438
2024-08-17,Social,613
2024-08-17,Affiliate,283
2024-08-17,Direct,153
2024-08-18,Paid Search,803
2024-08-18,Organic,701
2024-08-18,Email,281
2024-08-18,Social,676
2024-08-18,Affiliate,211
2024-08-18,Direct,216
2024-08-19,Paid Search,830
2024-08-19,Organic,545
2024-08-19,Email,413
2024-08-19,Social,492
2024-08-19,Affiliate,297
2024-08-19,Direct,256
2024-08-20,Paid Search,760
2024-08-20,Organic,720
2024-08-20,Email,319
2024-08-20,Social,370
2024-08-20,Affiliate,258
2024-08-20,Direct,111
2024-08-21,Paid Search,749
2024-08-21,Organic,605
2024-08-21,Email,230
2024-08-21,Social,466
2024-08-21,Affiliate,203
2024-08-21,Direct,247
2024-08-22,Paid Search,729
2024-08-22,Organic,652
2024-08-22,Email,268
2024-08-22,Social,499
2024-08-22,Affiliate,298
2024-08-22,Direct,296
2024-08-23,Paid Search,578
2024-08-23,Organic,612
2024-08-23,Email,248
2024-08-23,Social,565
2024-08-23,Affiliate,172
2024-08-23,Direct,319
2024-08-24,Paid Search,838
2024-08-24,Organic,777
2024-08-24,Email,169
2024-08-24,Social,575
2024-08-24,Affiliate,199
2024-08-24,Direct,280
2024-08-25,Paid Search,709
2024-08-25,Organic,712
2024-08-25,Email,439
2024-08-25,Social,566
2024-08-25,Affiliate,289
2024-08-25,Direct,388
2024-08-26,Paid Search,829
2024-08-26,Organic,438
2024-08-26,Email,399
2024-08-26,Social,482
2024-08-26,Affiliate,225
2024-08-26,Direct,135
2024-08-27,Paid Search,812
2024-08-27,Organic,612
2024-08-27,Email,419
2024-08-27,Social,441
2024-08-27,Affiliate,283
2024-08-27,Direct,330
2024-08-28,Paid Search,758
2024-08-28,Organic,623
2024-08-28,Email,315
2024-08-28,Social,417
2024-08-28,Affiliate,219
2024-08-28,Direct,240
2024-08-29,Paid Search,699
2024-08-29,Organic,619
2024-08-29,Email,420
2024-08-29,Social,510
2024-08-29,Affiliate,174
2024-08-29,Direct,263
2024-08-30,Paid Search,770
2024-08-30,Organic,749
2024-08-30,Email,442
2024-08-30,Social,404
2024-08-30,Affiliate,291
2024-08-30,Direct,300
2024-08-31,Paid Search,879
2024-08-31,Organic,758
2024-08-31,Email,404
2024-08-31,Social,563
2024-08-31,Affiliate,250
2024-08-31,Direct,294
2024-09-01,Paid Search,822
2024-09-01,Organic,782
2024-09-01,Email,370
2024-09-01,Social,508
2024-09-01,Affiliate,218
2024-09-01,Direct,237
2024-09-02,Paid Search,755
2024-09-02,Organic,644
2024-09-02,Email,299
2024-09-02,Social,526
2024-09-02,Affiliate,265
2024-09-02,Direct,235
2024-09-03,Paid Search,759
2024-09-03,Organic,740
2024-09-03,Email,450
2024-09-03,Social,526
2024-09-03,Affiliate,196
2024-09-03,Direct,201
2024-09-04,Paid Search,820
2024-09-04,Organic,634
2024-09-04,Email,283
2024-09-04,Social,497
2024-09-04,Affiliate,115
2024-09-04,Direct,159
2024-09-05,Paid Search,800
2024-09-05,Organic,687
2024-09-05,Email,459
2024-09-05,Social,505
2024-09-05,Affiliate,216
2024-09-05,Direct,338
2024-09-06,Paid Search,753
2024-09-06,Organic,567
2024-09-06,Email,418
2024-09-06,Social,460
2024-09-06,Affiliate,179
2024-09-06,Direct,247
2024-09-07,Paid Search,852
2024-09-07,Organic,630
2024-09-07,Email,275
2024-09-07,Social,628
2024-09-07,Affiliate,128
2024-09-07,Direct,328
2024-09-08,Paid Search,834
2024-09-08,Organic,693
2024-09-08,Email,281
2024-09-08,Social,551
2024-09-08,Affiliate,284
2024-09-08,Direct,270
2024-09-09,Paid Search,760
2024-09-09,Organic,634
2024-09-09,Email,314
2024-09-09,Social,451
2024-09-09,Affiliate,236
2024-09-09,Direct,313
2024-09-10,Paid Search,671
2024-09-10,Organic,580
2024-09-10,Email,455
2024-09-10,Social,371
2024-09-10,Affiliate,227
2024-09-10,Direct,163
2024-09-11,Paid Search,706
2024-09-11,Organic,686
2024-09-11,Email,331
2024-09-11,Social,452
2024-09-11,Affiliate,112
2024-09-11,Direct,319
2024-09-12,Paid Search,721
2024-09-12,Organic,666
2024-09-12,Email,323
2024-09-12,Social,534
2024-09-12,Affiliate,199
2024-09-12,Direct,226
2024-09-13,Paid Search,677
2024-09-13,Organic,659
2024-09-13,Email,448
2024-09-13,Social,564
2024-09-13,Affiliate,270
2024-09-13,Direct,193
2024-09-14,Paid Search,863
2024-09-14,Organic,663
2024-09-14,Email,323
2024-09-14,Social,639
2024-09-14,Affiliate,214
2024-09-14,Direct,337
2024-09-15,Paid Search,776
2024-09-15,Organic,783
2024-09-15,Email,338
2024-09-15,Social,542
2024-09-15,Affiliate,268
2024-09-15,Direct,324
2024-09-16,Paid Search,725
2024-09-16,Organic,591
2024-09-16,Email,259
2024-09-16,Social,412
2024-09-16,Affiliate,348
2024-09-16,Direct,186
2024-09-17,Paid Search,654
2024-09-17,Organic,791
2024-09-17,Email,331
2024-09-17,Social,508
2024-09-17,Affiliate,213
2024-09-17,Direct,203
2024-09-18,Paid Search,790
2024-09-18,Organic,662
2024-09-18,Email,238
2024-09-18,Social,462
2024-09-18,Affiliate,165
2024-09-18,Direct,165
2024-09-19,Paid Search,883
2024-09-19,Organic,727
2024-09-19,Email,393
2024-09-19,Social,573
2024-09-19,Affiliate,285
2024-09-19,Direct,426
2024-09-20,Paid Search,782
2024-09-20,Organic,557
2024-09-20,Email,432
2024-09-20,Social,493
2024-09-20,Affiliate,148
2024-09-20,Direct,300
2024-09-21,Paid Search,801
2024-09-21,Organic,762
2024-09-21,Email,327
2024-09-21,Social,496
2024-09-21,Affiliate,203
2024-09-21,Direct,330
2024-09-22,Paid Search,876
2024-09-22,Organic,717
2024-09-22,Email,468
2024-09-22,Social,646
2024-09-22,Affiliate,334
2024-09-22,Direct,225
2024-09-23,Paid Search,813
2024-09-23,Organic,602
2024-09-23,Email,336
2024-09-23,Social,446
2024-09-23,Affiliate,251
2024-09-23,Direct,163
2024-09-24,Paid Search,724
2024-09-24,Organic,663
2024-09-24,Email,425
2024-09-24,Social,443
2024-09-24,Affiliate,136
2024-09-24,Direct,253
2024-09-25,Paid Search,803
2024-09-25,Organic,606
2024-09-25,Email,295
2024-09-25,Social,513
2024-09-25,Affiliate,142
2024-09-25,Direct,369
2024-09-26,Paid Search,718
2024-09-26,Organic,700
2024-09-26,Email,303
2024-09-26,Social,520
2024-09-26,Affiliate,315
2024-09-26,Direct,232
2024-09-27,Paid Search,783
2024-09-27,Organic,716
2024-09-27,Email,467
2024-09-27,Social,603
2024-09-27,Affiliate,140
2024-09-27,Direct,360
2024-09-28,Paid Search,829
2024-09-28,Organic,698
2024-09-28,Email,369
2024-09-28,Social,578
2024-09-28,Affiliate,151
2024-09-28,Direct,316
2024-09-29,Paid Search,758
2024-09-29,Organic,773
2024-09-29,Email,393
2024-09-29,Social,618
2024-09-29,Affiliate,241
2024-09-29,Direct,324
2024-09-30,Paid Search,747
2024-09-30,Organic,687
2024-09-30,Email,331
2024-09-30,Social,463
2024-09-30,Affiliate,225
2024-09-30,Direct,283
2024-10-01,Paid Search,695
2024-10-01,Organic,644
2024-10-01,Email,446
2024-10-01,Social,378
2024-10-01,Affiliate,276
2024-10-01,Direct,318
2024-10-02,Paid Search,820
2024-10-02,Organic,767
2024-10-02,Email,291
2024-10-02,Social,439
2024-10-02,Affiliate,284
2024-10-02,Direct,274
2024-10-03,Paid Search,765
2024-10-03,Organic,637
2024-10-03,Email,385
2024-10-03,Social,484
2024-10-03,Affiliate,131
2024-10-03,Direct,229
2024-10-04,Paid Search,736
2024-10-04,Organic,776
2024-10-04,Email,517
2024-10-04,Social,516
2024-10-04,Affiliate,174
2024-10-04,Direct,267
2024-10-05,Paid Search,719
2024-10-05,Organic,777
2024-10-05,Email,327
2024-10-05,Social,494
2024-10-05,Affiliate,243
2024-10-05,Direct,193
2024-10-06,Paid Search,769
2024-10-06,Organic,772
2024-10-06,Email,408
2024-10-06,Social,640
2024-10-06,Affiliate,248
2024-10-06,Direct,264
2024-10-07,Paid Search,669
2024-10-07,Organic,684
2024-10-07,Email,255
2024-10-07,Social,424
2024-10-07,Affiliate,269
2024-10-07,Direct,260
2024-10-08,Paid Search,749
2024-10-08,Organic,681
2024-10-08,Email,387
2024-10-08,Social,487
2024-10-08,Affiliate,273
2024-10-08,Direct,235
2024-10-09,Paid Search,757
2024-10-09,Organic,630
2024-10-09,Email,375
2024-10-09,Social,513
2024-10-09,Affiliate,208
2024-10-09,Direct,310
2024-10-10,Paid Search,782
2024-10-10,Organic,643
2024-10-10,Email,319
2024-10-10,Social,432
2024-10-10,Affiliate,119
2024-10-10,Direct,353
2024-10-11,Paid Search,764
2024-10-11,Organic,711
2024-10-11,Email,463
2024-10-11,Social,505
2024-10-11,Affiliate,329
2024-10-11,Direct,133
2024-10-12,Paid Search,864
2024-10-12,Organic,710
2024-10-12,Email,367
2024-10-12,Social,570
2024-10-12,Affiliate,152
2024-10-12,Direct,291
2024-10-13,Paid Search,958
2024-10-13,Organic,734
2024-10-13,Email,332
2024-10-13,Social,542
2024-10-13,Affiliate,291
2024-10-13,Direct,313
2024-10-14,Paid Search,760
2024-10-14,Organic,594
2024-10-14,Email,372
2024-10-14,Social,650
2024-10-14,Affiliate,149
2024-10-14,Direct,249
2024-10-15,Paid Search,749
2024-10-15,Organic,799
2024-10-15,Email,298
2024-10-15,Social,507
2024-10-15,Affiliate,220
2024-10-15,Direct,278
2024-10-16,Paid Search,619
2024-10-16,Organic,514
2024-10-16,Email,414
2024-10-16,Social,566
2024-10-16,Affiliate,231
2024-10-16,Direct,253
2024-10-17,Paid Search,752
2024-10-17,Organic,684
2024-10-17,Email,358
2024-10-17,Social,575
2024-10-17,Affiliate,215
2024-10-17,Direct,268
2024-10-18,Paid Search,863
2024-10-18,Organic,624
2024-10-18,Email,423
2024-10-18,Social,508
2024-10-18,Affiliate,174
2024-10-18,Direct,284
2024-10-19,Paid Search,877
2024-10-19,Organic,700
2024-10-19,Email,327
2024-10-19,Social,716
2024-10-19,Affiliate,316
2024-10-19,Direct,378
2024-10-20,Paid Search,843
2024-10-20,Organic,641
2024-10-20,Email,330
2024-10-20,Social,562
2024-10-20,Affiliate,199
2024-10-20,Direct,286
2024-10-21,Paid Search,823
2024-10-21,Organic,735
2024-10-21,Email,337
2024-10-21,Social,484
2024-10-21,Affiliate,95
2024-10-21,Direct,289
2024-10-22,Paid Search,852
2024-10-22,Organic,697
2024-10-22,Email,456
2024-10-22,Social,514
2024-10-22,Affiliate,257
2024-10-22,Direct,226
2024-10-23,Paid Search,712
2024-10-23,Organic,581
2024-10-23,Email,405
2024-10-23,Social,572
2024-10-23,Affiliate,328
2024-10-23,Direct,149
2024-10-24,Paid Search,740
2024-10-24,Organic,674
2024-10-24,Email,324
2024-10-24,Social,404
2024-10-24,Affiliate,197
2024-10-24,Direct,325
2024-10-25,Paid Search,755
2024-10-25,Organic,645
2024-10-25,Email,415
2024-10-25,Social,422
2024-10-25,Affiliate,253
2024-10-25,Direct,238
2024-10-26,Paid Search,930
2024-10-26,Organic,692
2024-10-26,Email,253
2024-10-26,Social,595
2024-10-26,Affiliate,177
2024-10-26,Direct,370
2024-10-27,Paid Search,852
2024-10-27,Organic,645
2024-10-27,Email,358
2024-10-27,Social,613
2024-10-27,Affiliate,197
2024-10-27,Direct,274
2024-10-28,Paid Search,822
2024-10-28,Organic,660
2024-10-28,Email,369
2024-10-28,Social,488
2024-10-28,Affiliate,224
2024-10-28,Direct,264
2024-10-29,Paid Search,790
2024-10-29,Organic,658
2024-10-29,Email,475
2024-10-29,Social,542
2024-10-29,Affiliate,133
2024-10-29,Direct,306
2024-10-30,Paid Search,732
2024-10-30,Organic,667
2024-10-30,Email,392
2024-10-30,Social,466
2024-10-30,Affiliate,211
2024-10-30,Direct,351
2024-10-31,Paid Search,693
2024-10-31,Organic,679
2024-10-31,Email,200
2024-10-31,Social,427
2024-10-31,Affiliate,298
2024-10-31,Direct,190
2024-11-01,Paid Search,852
2024-11-01,Organic,659
2024-11-01,Email,359
2024-11-01,Social,471
2024-11-01,Affiliate,113
2024-11-01,Direct,352
2024-11-02,Paid Search,882
2024-11-02,Organic,660
2024-11-02,Email,480
2024-11-02,Social,601
2024-11-02,Affiliate,329
2024-11-02,Direct,246
2024-11-03,Paid Search,796
2024-11-03,Organic,650
2024-11-03,Email,365
2024-11-03,Social,574
2024-11-03,Affiliate,230
2024-11-03,Direct,279
2024-11-04,Paid Search,718
2024-11-04,Organic,677
2024-11-04,Email,340
2024-11-04,Social,512
2024-11-04,Affiliate,271
2024-11-04,Direct,322
2024-11-05,Paid Search,903
2024-11-05,Organic,724
2024-11-05,Email,534
2024-11-05,Social,460
2024-11-05,Affiliate,273
2024-11-05,Direct,445
2024-11-06,Paid Search,760
2024-11-06,Organic,654
2024-11-06,Email,418
2024-11-06,Social,560
2024-11-06,Affiliate,232
2024-11-06,Direct,204
2024-11-07,Paid Search,863
2024-11-07,Organic,722
2024-11-07,Email,266
2024-11-07,Social,565
2024-11-07,Affiliate,221
2024-11-07,Direct,244
2024-11-08,Paid Search,716
2024-11-08,Organic,715
2024-11-08,Email,312
2024-11-08,Social,476
2024-11-08,Affiliate,321
2024-11-08,Direct,260
2024-11-09,Paid Search,845
2024-11-09,Organic,706
2024-11-09,Email,350
2024-11-09,Social,553
2024-11-09,Affiliate,236
2024-11-09,Direct,336
2024-11-10,Paid Search,852
2024-11-10,Organic,829
2024-11-10,Email,359
2024-11-10,Social,661
2024-11-10,Affiliate,157
2024-11-10,Direct,382
2024-11-11,Paid Search,698
2024-11-11,Organic,728
2024-11-11,Email,278
2024-11-11,Social,609
2024-11-11,Affiliate,185
2024-11-11,Direct,472
2024-11-12,Paid Search,698
2024-11-12,Organic,642
2024-11-12,Email,374
2024-11-12,Social,532
2024-11-12,Affiliate,302
2024-11-12,Direct,194
2024-11-13,Paid Search,769
2024-11-13,Organic,670
2024-11-13,Email,344
2024-11-13,Social,485
2024-11-13,Affiliate,201
2024-11-13,Direct,231
2024-11-14,Paid Search,811
2024-11-14,Organic,728
2024-11-14,Email,320
2024-11-14,Social,448
2024-11-14,Affiliate,130
2024-11-14,Direct,310
2024-11-15,Paid Search,884
2024-11-15,Organic,651
2024-11-15,Email,417
2024-11-15,Social,534
2024-11-15,Affiliate,144
2024-11-15,Direct,332
2024-11-16,Paid Search,799
2024-11-16,Organic,692
2024-11-16,Email,441
2024-11-16,Social,630
2024-11-16,Affiliate,293
2024-11-16,Direct,247
2024-11-17,Paid Search,813
2024-11-17,Organic,585
2024-11-17,Email,330
2024-11-17,Social,579
2024-11-17,Affiliate,318
2024-11-17,Direct,351
2024-11-18,Paid Search,855
2024-11-18,Organic,633
2024-11-18,Email,387
2024-11-18,Social,434
2024-11-18,Affiliate,144
2024-11-18,Direct,231
2024-11-19,Paid Search,799
2024-11-19,Organic,703
2024-11-19,Email,467
2024-11-19,Social,463
2024-11-19,Affiliate,165
2024-11-19,Direct,248
2024-11-20,Paid Search,906
2024-11-20,Organic,724
2024-11-20,Email,345
2024-11-20,Social,412
2024-11-20,Affiliate,284
2024-11-20,Direct,271
2024-11-21,Paid Search,829
2024-11-21,Organic,714
2024-11-21,Email,359
2024-11-21,Social,512
2024-11-21,Affiliate,96
2024-11-21,Direct,304
2024-11-22,Paid Search,807
2024-11-22,Organic,617
2024-11-22,Email,310
2024-11-22,Social,527
2024-11-22,Affiliate,138
2024-11-22,Direct,300
2024-11-23,Paid Search,837
2024-11-23,Organic,809
2024-11-23,Email,474
2024-11-23,Social,699
2024-11-23,Affiliate,287
2024-11-23,Direct,344
2024-11-24,Paid Search,778
2024-11-24,Organic,789
2024-11-24,Email,435
2024-11-24,Social,648
2024-11-24,Affiliate,248
2024-11-24,Direct,426
2024-11-25,Paid Search,891
2024-11-25,Organic,668
2024-11-25,Email,319
2024-11-25,Social,442
2024-11-25,Affiliate,234
2024-11-25,Direct,249
2024-11-26,Paid Search,879
2024-11-26,Organic,520
2024-11-26,Email,396
2024-11-26,Social,493
2024-11-26,Affiliate,213
2024-11-26,Direct,205
2024-11-27,Paid Search,857
2024-11-27,Organic,615
2024-11-27,Email,327
2024-11-27,Social,552
2024-11-27,Affiliate,284
2024-11-27,Direct,234
2024-11-28,Paid Search,797
2024-11-28,Organic,581
2024-11-28,Email,262
2024-11-28,Social,428
2024-11-28,Affiliate,140
2024-11-28,Direct,260
2024-11-29,Paid Search,708
2024-11-29,Organic,758
2024-11-29,Email,515
2024-11-29,Social,494
2024-11-29,Affiliate,266
2024-11-29,Direct,183
2024-11-30,Paid Search,884
2024-11-30,Organic,677
2024-11-30,Email,356
2024-11-30,Social,608
2024-11-30,Affiliate,140
2024-11-30,Direct,381
2024-12-01,Paid Search,912
2024-12-01,Organic,772
2024-12-01,Email,484
2024-12-01,Social,683
2024-12-01,Affiliate,205
2024-12-01,Direct,277
2024-12-02,Paid Search,754
2024-12-02,Organic,666
2024-12-02,Email,269
2024-12-02,Social,549
2024-12-02,Affiliate,274
2024-12-02,Direct,329
2024-12-03,Paid Search,920
2024-12-03,Organic,721
2024-12-03,Email,328
2024-12-03,Social,495
2024-12-03,Affiliate,276
2024-12-03,Direct,336
2024-12-04,Paid Search,899
2024-12-04,Organic,704
2024-12-04,Email,310
2024-12-04,Social,500
2024-12-04,Affiliate,188
2024-12-04,Direct,125
2024-12-05,Paid Search,802
2024-12-05,Organic,736
2024-12-05,Email,404
2024-12-05,Social,454
2024-12-05,Affiliate,196
2024-12-05,Direct,324
2024-12-06,Paid Search,868
2024-12-06,Organic,652
2024-12-06,Email,438
2024-12-06,Social,500
2024-12-06,Affiliate,210
2024-12-06,Direct,282
2024-12-07,Paid Search,932
2024-12-07,Organic,749
2024-12-07,Email,376
2024-12-07,Social,622
2024-12-07,Affiliate,272
2024-12-07,Direct,342
2024-12-08,Paid Search,830
2024-12-08,Organic,720
2024-12-08,Email,348
2024-12-08,Social,538
2024-12-08,Affiliate,298
2024-12-08,Direct,295
2024-12-09,Paid Search,881
2024-12-09,Organic,745
2024-12-09,Email,408
2024-12-09,Social,666
2024-12-09,Affiliate,326
2024-12-09,Direct,348
2024-12-10,Paid Search,825
2024-12-10,Organic,621
2024-12-10,Email,396
2024-12-10,Social,538
2024-12-10,Affiliate,206
2024-12-10,Direct,203
2024-12-11,Paid Search,798
2024-12-11,Organic,674
2024-12-11,Email,364
2024-12-11,Social,547
2024-12-11,Affiliate,229
2024-12-11,Direct,265
2024-12-12,Paid Search,841
2024-12-12,Organic,741
2024-12-12,Email,340
2024-12-12,Social,467
2024-12-12,Affiliate,143
2024-12-12,Direct,274
2024-12-13,Paid Search,814
2024-12-13,Organic,698
2024-12-13,Email,434
2024-12-13,Social,469
2024-12-13,Affiliate,399
2024-12-13,Direct,296
2024-12-14,Paid Search,801
2024-12-14,Organic,699
2024-12-14,Email,294
2024-12-14,Social,640
2024-12-14,Affiliate,243
2024-12-14,Direct,322
2024-12-15,Paid Search,882
2024-12-15,Organic,673
2024-12-15,Email,339
2024-12-15,Social,581
2024-12-15,Affiliate,271
2024-12-15,Direct,327
2024-12-16,Paid Search,750
2024-12-16,Organic,550
2024-12-16,Email,427
2024-12-16,Social,447
2024-12-16,Affiliate,234
2024-12-16,Direct,284
2024-12-17,Paid Search,692
2024-12-17,Organic,631
2024-12-17,Email,531
2024-12-17,Social,621
2024-12-17,Affiliate,183
2024-12-17,Direct,355
2024-12-18,Paid Search,828
2024-12-18,Organic,682
2024-12-18,Email,357
2024-12-18,Social,527
2024-12-18,Affiliate,231
2024-12-18,Direct,188
2024-12-19,Paid Search,765
2024-12-19,Organic,758
2024-12-19,Email,336
2024-12-19,Social,603
2024-12-19,Affiliate,288
2024-12-19,Direct,367
2024-12-20,Paid Search,812
2024-12-20,Organic,755
2024-12-20,Email,421
2024-12-20,Social,563
2024-12-20,Affiliate,197
2024-12-20,Direct,305
2024-12-21,Paid Search,842
2024-12-21,Organic,706
2024-12-21,Email,370
2024-12-21,Social,577
2024-12-21,Affiliate,322
2024-12-21,Direct,343
2024-12-22,Paid Search,868
2024-12-22,Organic,800
2024-12-22,Email,402
2024-12-22,Social,646
2024-12-22,Affiliate,303
2024-12-22,Direct,317
2024-12-23,Paid Search,764
2024-12-23,Organic,703
2024-12-23,Email,319
2024-12-23,Social,489
2024-12-23,Affiliate,200
2024-12-23,Direct,389
2024-12-24,Paid Search,845
2024-12-24,Organic,666
2024-12-24,Email,466
2024-12-24,Social,467
2024-12-24,Affiliate,144
2024-12-24,Direct,388
2024-12-25,Paid Search,760
2024-12-25,Organic,715
2024-12-25,Email,406
2024-12-25,Social,409
2024-12-25,Affiliate,244
2024-12-25,Direct,311
2024-12-26,Paid Search,785
2024-12-26,Organic,616
2024-12-26,Email,399
2024-12-26,Social,489
2024-12-26,Affiliate,169
2024-12-26,Direct,335
2024-12-27,Paid Search,826
2024-12-27,Organic,738
2024-12-27,Email,321
2024-12-27,Social,604
2024-12-27,Affiliate,185
2024-12-27,Direct,246
2024-12-28,Paid Search,851
2024-12-28,Organic,665
2024-12-28,Email,324
2024-12-28,Social,619
2024-12-28,Affiliate,174
2024-12-28,Direct,237
2024-12-29,Paid Search,862
2024-12-29,Organic,792
2024-12-29,Email,392
2024-12-29,Social,642
2024-12-29,Affiliate,361
2024-12-29,Direct,251
2024-12-30,Paid Search,830
2024-12-30,Organic,695
2024-12-30,Email,389
2024-12-30,Social,531
2024-12-30,Affiliate,244
2024-12-30,Direct,320
2024-12-31,Paid Search,886
2024-12-31,Organic,744
2024-12-31,Email,472
2024-12-31,Social,476
2024-12-31,Affiliate,218
2024-12-31,Direct,282
2025-01-01,Paid Search,846
2025-01-01,Organic,693
2025-01-01,Email,364
2025-01-01,Social,515
2025-01-01,Affiliate,202
2025-01-01,Direct,318
2025-01-02,Paid Search,750
2025-01-02,Organic,710
2025-01-02,Email,449
2025-01-02,Social,604
2025-01-02,Affiliate,268
2025-01-02,Direct,230
2025-01-03,Paid Search,712
2025-01-03,Organic,597
2025-01-03,Email,501
2025-01-03,Social,615
2025-01-03,Affiliate,313
2025-01-03,Direct,376
2025-01-04,Paid Search,894
2025-01-04,Organic,708
2025-01-04,Email,319
2025-01-04,Social,543
2025-01-04,Affiliate,204
2025-01-04,Direct,426
2025-01-05,Paid Search,890
2025-01-05,Organic,793
2025-01-05,Email,466
2025-01-05,Social,599
2025-01-05,Affiliate,272
2025-01-05,Direct,407
2025-01-06,Paid Search,797
2025-01-06,Organic,708
2025-01-06,Email,451
2025-01-06,Social,566
2025-01-06,Affiliate,173
2025-01-06,Direct,203
2025-01-07,Paid Search,835
2025-01-07,Organic,686
2025-01-07,Email,382
2025-01-07,Social,628
2025-01-07,Affiliate,192
2025-01-07,Direct,264
2025-01-08,Paid Search,826
2025-01-08,Organic,811
2025-01-08,Email,333
2025-01-08,Social,437
2025-01-08,Affiliate,285
2025-01-08,Direct,266
2025-01-09,Paid Search,766
2025-01-09,Organic,726
2025-01-09,Email,407
2025-01-09,Social,419
2025-01-09,Affiliate,286
2025-01-09,Direct,239
2025-01-10,Paid Search,843
2025-01-10,Organic,672
2025-01-10,Email,479
2025-01-10,Social,564
2025-01-10,Affiliate,266
2025-01-10,Direct,294
2025-01-11,Paid Search,817
2025-01-11,Organic,784
2025-01-11,Email,422
2025-01-11,Social,597
2025-01-11,Affiliate,286
2025-01-11,Direct,370
2025-01-12,Paid Search,953
2025-01-12,Organic,885
2025-01-12,Email,455
2025-01-12,Social,718
2025-01-12,Affiliate,272
2025-01-12,Direct,442
2025-01-13,Paid Search,862
2025-01-13,Organic,669
2025-01-13,Email,376
2025-01-13,Social,548
2025-01-13,Affiliate,168
2025-01-13,Direct,261
2025-01-14,Paid Search,911
2025-01-14,Organic,767
2025-01-14,Email,485
2025-01-14,Social,384
2025-01-14,Affiliate,252
2025-01-14,Direct,251
2025-01-15,Paid Search,873
2025-01-15,Organic,765
2025-01-15,Email,357
2025-01-15,Social,452
2025-01-15,Affiliate,326
2025-01-15,Direct,264
2025-01-16,Paid Search,843
2025-01-16,Organic,712
2025-01-16,Email,249
2025-01-16,Social,477
2025-01-16,Affiliate,158
2025-01-16,Direct,219
2025-01-17,Paid Search,824
2025-01-17,Organic,757
2025-01-17,Email,538
2025-01-17,Social,564
2025-01-17,Affiliate,320
2025-01-17,Direct,389
2025-01-18,Paid Search,948
2025-01-18,Organic,733
2025-01-18,Email,389
2025-01-18,Social,639
2025-01-18,Affiliate,169
2025-01-18,Direct,368
2025-01-19,Paid Search,915
2025-01-19,Organic,719
2025-01-19,Email,333
2025-01-19,Social,542
2025-01-19,Affiliate,104
2025-01-19,Direct,403
2025-01-20,Paid Search,816
2025-01-20,Organic,634
2025-01-20,Email,270
2025-01-20,Social,606
2025-01-20,Affiliate,296
2025-01-20,Direct,395
2025-01-21,Paid Search,856
2025-01-21,Organic,745
2025-01-21,Email,492
2025-01-21,Social,538
2025-01-21,Affiliate,216
2025-01-21,Direct,301
2025-01-22,Paid Search,787
2025-01-22,Organic,738
2025-01-22,Email,316
2025-01-22,Social,527
2025-01-22,Affiliate,256
2025-01-22,Direct,186
2025-01-23,Paid Search,853
2025-01-23,Organic,735
2025-01-23,Email,341
2025-01-23,Social,498
2025-01-23,Affiliate,219
2025-01-23,Direct,283
2025-01-24,Paid Search,733
2025-01-24,Organic,690
2025-01-24,Email,410
2025-01-24,Social,489
2025-01-24,Affiliate,283
2025-01-24,Direct,246
2025-01-25,Paid Search,833
2025-01-25,Organic,732
2025-01-25,Email,388
2025-01-25,Social,656
2025-01-25,Affiliate,173
2025-01-25,Direct,286
2025-01-26,Paid Search,927
2025-01-26,Organic,782
2025-01-26,Email,428
2025-01-26,Social,747
2025-01-26,Affiliate,253
2025-01-26,Direct,327
2025-01-27,Paid Search,802
2025-01-27,Organic,742
2025-01-27,Email,354
2025-01-27,Social,580
2025-01-27,Affiliate,205
2025-01-27,Direct,207
2025-01-28,Paid Search,742
2025-01-28,Organic,692
2025-01-28,Email,519
2025-01-28,Social,515
2025-01-28,Affiliate,257
2025-01-28,Direct,311
2025-01-29,Paid Search,792
2025-01-29,Organic,736
2025-01-29,Email,423
2025-01-29,Social,497
2025-01-29,Affiliate,217
2025-01-29,Direct,312
2025-01-30,Paid Search,880
2025-01-30,Organic,760
2025-01-30,Email,363
2025-01-30,Social,488
2025-01-30,Affiliate,189
2025-01-30,Direct,162
2025-01-31,Paid Search,886
2025-01-31,Organic,756
2025-01-31,Email,462
2025-01-31,Social,508
2025-01-31,Affiliate,283
2025-01-31,Direct,341
2025-02-01,Paid Search,883
2025-02-01,Organic,771
2025-02-01,Email,390
2025-02-01,Social,711
2025-02-01,Affiliate,269
2025-02-01,Direct,397
2025-02-02,Paid Search,923
2025-02-02,Organic,703
2025-02-02,Email,540
2025-02-02,Social,544
2025-02-02,Affiliate,236
2025-02-02,Direct,390
2025-02-03,Paid Search,926
2025-02-03,Organic,701
2025-02-03,Email,358
2025-02-03,Social,531
2025-02-03,Affiliate,318
2025-02-03,Direct,344
2025-02-04,Paid Search,781
2025-02-04,Organic,605
2025-02-04,Email,369
2025-02-04,Social,556
2025-02-04,Affiliate,133
2025-02-04,Direct,393
2025-02-05,Paid Search,860
2025-02-05,Organic,795
2025-02-05,Email,391
2025-02-05,Social,597
2025-02-05,Affiliate,45
2025-02-05,Direct,332
2025-02-06,Paid Search,801
2025-02-06,Organic,682
2025-02-06,Email,360
2025-02-06,Social,588
2025-02-06,Affiliate,208
2025-02-06,Direct,304
2025-02-07,Paid Search,859
2025-02-07,Organic,811
2025-02-07,Email,474
2025-02-07,Social,523
2025-02-07,Affiliate,236
2025-02-07,Direct,238
2025-02-08,Paid Search,858
2025-02-08,Organic,831
2025-02-08,Email,328
2025-02-08,Social,747
2025-02-08,Affiliate,174
2025-02-08,Direct,420
2025-02-09,Paid Search,988
2025-02-09,Organic,768
2025-02-09,Email,310
2025-02-09,Social,662
2025-02-09,Affiliate,396
2025-02-09,Direct,289
2025-02-10,Paid Search,794
2025-02-10,Organic,659
2025-02-10,Email,410
2025-02-10,Social,675
2025-02-10,Affiliate,298
2025-02-10,Direct,391
2025-02-11,Paid Search,833
2025-02-11,Organic,751
2025-02-11,Email,521
2025-02-11,Social,671
2025-02-11,Affiliate,215
2025-02-11,Direct,263
2025-02-12,Paid Search,852
2025-02-12,Organic,687
2025-02-12,Email,378
2025-02-12,Social,528
2025-02-12,Affiliate,141
2025-02-12,Direct,261
2025-02-13,Paid Search,903
2025-02-13,Organic,619
2025-02-13,Email,307
2025-02-13,Social,622
2025-02-13,Affiliate,199
2025-02-13,Direct,219
2025-02-14,Paid Search,813
2025-02-14,Organic,768
2025-02-14,Email,494
2025-02-14,Social,550
2025-02-14,Affiliate,223
2025-02-14,Direct,340
2025-02-15,Paid Search,867
2025-02-15,Organic,801
2025-02-15,Email,454
2025-02-15,Social,688
2025-02-15,Affiliate,244
2025-02-15,Direct,316
2025-02-16,Paid Search,947
2025-02-16,Organic,822
2025-02-16,Email,472
2025-02-16,Social,592
2025-02-16,Affiliate,244
2025-02-16,Direct,350
2025-02-17,Paid Search,847
2025-02-17,Organic,738
2025-02-17,Email,485
2025-02-17,Social,543
2025-02-17,Affiliate,344
2025-02-17,Direct,370
2025-02-18,Paid Search,800
2025-02-18,Organic,750
2025-02-18,Email,472
2025-02-18,Social,588
2025-02-18,Affiliate,269
2025-02-18,Direct,300
2025-02-19,Paid Search,887
2025-02-19,Organic,764
2025-02-19,Email,414
2025-02-19,Social,558
2025-02-19,Affiliate,233
2025-02-19,Direct,275
2025-02-20,Paid Search,842
2025-02-20,Organic,745
2025-02-20,Email,314
2025-02-20,Social,630
2025-02-20,Affiliate,282
2025-02-20,Direct,270
2025-02-21,Paid Search,859
2025-02-21,Organic,714
2025-02-21,Email,341
2025-02-21,Social,533
2025-02-21,Affiliate,228
2025-02-21,Direct,289
2025-02-22,Paid Search,887
2025-02-22,Organic,905
2025-02-22,Email,438
2025-02-22,Social,674
2025-02-22,Affiliate,301
2025-02-22,Direct,402
2025-02-23,Paid Search,995
2025-02-23,Organic,809
2025-02-23,Email,342
2025-02-23,Social,683
2025-02-23,Affiliate,211
2025-02-23,Direct,152
2025-02-24,Paid Search,912
2025-02-24,Organic,809
2025-02-24,Email,457
2025-02-24,Social,568
2025-02-24,Affiliate,282
2025-02-24,Direct,355
2025-02-25,Paid Search,844
2025-02-25,Organic,742
2025-02-25,Email,541
2025-02-25,Social,692
2025-02-25,Affiliate,258
2025-02-25,Direct,316
2025-02-26,Paid Search,960
2025-02-26,Organic,654
2025-02-26,Email,386
2025-02-26,Social,577
2025-02-26,Affiliate,221
2025-02-26,Direct,258
2025-02-27,Paid Search,841
2025-02-27,Organic,754
2025-02-27,Email,282
2025-02-27,Social,556
2025-02-27,Affiliate,275
2025-02-27,Direct,345
2025-02-28,Paid Search,814
2025-02-28,Organic,788
2025-02-28,Email,391
2025-02-28,Social,532
2025-02-28,Affiliate,298
2025-02-28,Direct,287
2025-03-01,Paid Search,842
2025-03-01,Organic,785
2025-03-01,Email,241
2025-03-01,Social,808
2025-03-01,Affiliate,222
2025-03-01,Direct,344
2025-03-02,Paid Search,876
2025-03-02,Organic,618
2025-03-02,Email,435
2025-03-02,Social,660
2025-03-02,Affiliate,232
2025-03-02,Direct,347
2025-03-03,Paid Search,842
2025-03-03,Organic,715
2025-03-03,Email,385
2025-03-03,Social,543
2025-03-03,Affiliate,306
2025-03-03,Direct,357
2025-03-04,Paid Search,824
2025-03-04,Organic,677
2025-03-04,Email,399
2025-03-04,Social,552
2025-03-04,Affiliate,257
2025-03-04,Direct,289
2025-03-05,Paid Search,758
2025-03-05,Organic,717
2025-03-05,Email,387
2025-03-05,Social,683
2025-03-05,Affiliate,204
2025-03-05,Direct,301
2025-03-06,Paid Search,845
2025-03-06,Organic,787
2025-03-06,Email,300
2025-03-06,Social,462
2025-03-06,Affiliate,262
2025-03-06,Direct,251
2025-03-07,Paid Search,852
2025-03-07,Organic,687
2025-03-07,Email,387
2025-03-07,Social,462
2025-03-07,Affiliate,157
2025-03-07,Direct,383
2025-03-08,Paid Search,935
2025-03-08,Organic,789
2025-03-08,Email,384
2025-03-08,Social,637
2025-03-08,Affiliate,271
2025-03-08,Direct,324
2025-03-09,Paid Search,944
2025-03-09,Organic,867
2025-03-09,Email,343
2025-03-09,Social,746
2025-03-09,Affiliate,308
2025-03-09,Direct,262
2025-03-10,Paid Search,878
2025-03-10,Organic,641
2025-03-10,Email,280
2025-03-10,Social,548
2025-03-10,Affiliate,161
2025-03-10,Direct,316
2025-03-11,Paid Search,924
2025-03-11,Organic,825
2025-03-11,Email,494
2025-03-11,Social,626
2025-03-11,Affiliate,245
2025-03-11,Direct,357
2025-03-12,Paid Search,853
2025-03-12,Organic,688
2025-03-12,Email,338
2025-03-12,Social,527
2025-03-12,Affiliate,247
2025-03-12,Direct,308
2025-03-13,Paid Search,785
2025-03-13,Organic,719
2025-03-13,Email,328
2025-03-13,Social,600
2025-03-13,Affiliate,330
2025-03-13,Direct,275
2025-03-14,Paid Search,903
2025-03-14,Organic,803
2025-03-14,Email,533
2025-03-14,Social,506
2025-03-14,Affiliate,220
2025-03-14,Direct,276
2025-03-15,Paid Search,996
2025-03-15,Organic,922
2025-03-15,Email,366
2025-03-15,Social,614
2025-03-15,Affiliate,274
2025-03-15,Direct,352
2025-03-16,Paid Search,943
2025-03-16,Organic,775
2025-03-16,Email,335
2025-03-16,Social,753
2025-03-16,Affiliate,271
2025-03-16,Direct,265
2025-03-17,Paid Search,827
2025-03-17,Organic,737
2025-03-17,Email,365
2025-03-17,Social,541
2025-03-17,Affiliate,251
2025-03-17,Direct,398
2025-03-18,Paid Search,875
2025-03-18,Organic,780
2025-03-18,Email,443
2025-03-18,Social,570
2025-03-18,Affiliate,308
2025-03-18,Direct,375
2025-03-19,Paid Search,990
2025-03-19,Organic,589
2025-03-19,Email,335
2025-03-19,Social,583
2025-03-19,Affiliate,209
2025-03-19,Direct,280
2025-03-20,Paid Search,882
2025-03-20,Organic,682
2025-03-20,Email,339
2025-03-20,Social,613
2025-03-20,Affiliate,217
2025-03-20,Direct,259
2025-03-21,Paid Search,911
2025-03-21,Organic,826
2025-03-21,Email,526
2025-03-21,Social,641
2025-03-21,Affiliate,281
2025-03-21,Direct,313
2025-03-22,Paid Search,922
2025-03-22,Organic,865
2025-03-22,Email,411
2025-03-22,Social,673
2025-03-22,Affiliate,355
2025-03-22,Direct,322
2025-03-23,Paid Search,905
2025-03-23,Organic,685
2025-03-23,Email,391
2025-03-23,Social,766
2025-03-23,Affiliate,204
2025-03-23,Direct,272
2025-03-24,Paid Search,884
2025-03-24,Organic,736
2025-03-24,Email,344
2025-03-24,Social,760
2025-03-24,Affiliate,257
2025-03-24,Direct,304
2025-03-25,Paid Search,811
2025-03-25,Organic,790
2025-03-25,Email,439
2025-03-25,Social,705
2025-03-25,Affiliate,286
2025-03-25,Direct,340
2025-03-26,Paid Search,859
2025-03-26,Organic,802
2025-03-26,Email,401
2025-03-26,Social,617
2025-03-26,Affiliate,226
2025-03-26,Direct,272
2025-03-27,Paid Search,790
2025-03-27,Organic,785
2025-03-27,Email,439
2025-03-27,Social,523
2025-03-27,Affiliate,89
2025-03-27,Direct,380
2025-03-28,Paid Search,788
2025-03-28,Organic,823
2025-03-28,Email,545
2025-03-28,Social,517
2025-03-28,Affiliate,239
2025-03-28,Direct,253
2025-03-29,Paid Search,838
2025-03-29,Organic,812
2025-03-29,Email,405
2025-03-29,Social,666
2025-03-29,Affiliate,256
2025-03-29,Direct,366
2025-03-30,Paid Search,876
2025-03-30,Organic,660
2025-03-30,Email,315
2025-03-30,Social,745
2025-03-30,Affiliate,295
2025-03-30,Direct,295
2025-03-31,Paid Search,960
2025-03-31,Organic,781
2025-03-31,Email,312
2025-03-31,Social,493
2025-03-31,Affiliate,283
2025-03-31,Direct,292
2025-04-01,Paid Search,964
2025-04-01,Organic,802
2025-04-01,Email,540
2025-04-01,Social,541
2025-04-01,Affiliate,256
2025-04-01,Direct,310
2025-04-02,Paid Search,854
2025-04-02,Organic,653
2025-04-02,Email,391
2025-04-02,Social,528
2025-04-02,Affiliate,157
2025-04-02,Direct,338
2025-04-03,Paid Search,846
2025-04-03,Organic,668
2025-04-03,Email,369
2025-04-03,Social,536
2025-04-03,Affiliate,197
2025-04-03,Direct,240
2025-04-04,Paid Search,892
2025-04-04,Organic,763
2025-04-04,Email,417
2025-04-04,Social,520
2025-04-04,Affiliate,332
2025-04-04,Direct,219
2025-04-05,Paid Search,934
2025-04-05,Organic,839
2025-04-05,Email,304
2025-04-05,Social,614
2025-04-05,Affiliate,317
2025-04-05,Direct,330
2025-04-06,Paid Search,968
2025-04-06,Organic,783
2025-04-06,Email,414
2025-04-06,Social,709
2025-04-06,Affiliate,230
2025-04-06,Direct,284
2025-04-07,Paid Search,839
2025-04-07,Organic,700
2025-04-07,Email,372
2025-04-07,Social,483
2025-04-07,Affiliate,306
2025-04-07,Direct,297
2025-04-08,Paid Search,910
2025-04-08,Organic,762
2025-04-08,Email,453
2025-04-08,Social,503
2025-04-08,Affiliate,251
2025-04-08,Direct,266
2025-04-09,Paid Search,861
2025-04-09,Organic,760
2025-04-09,Email,397
2025-04-09,Social,455
2025-04-09,Affiliate,287
2025-04-09,Direct,368
2025-04-10,Paid Search,775
2025-04-10,Organic,681
2025-04-10,Email,281
2025-04-10,Social,453
2025-04-10,Affiliate,368
2025-04-10,Direct,347
2025-04-11,Paid Search,925
2025-04-11,Organic,760
2025-04-11,Email,521
2025-04-11,Social,606
2025-04-11,Affiliate,174
2025-04-11,Direct,234
2025-04-12,Paid Search,1011
2025-04-12,Organic,828
2025-04-12,Email,402
2025-04-12,Social,530
2025-04-12,Affiliate,275
2025-04-12,Direct,282
2025-04-13,Paid Search,873
2025-04-13,Organic,719
2025-04-13,Email,412
2025-04-13,Social,704
2025-04-13,Affiliate,227
2025-04-13,Direct,283
2025-04-14,Paid Search,901
2025-04-14,Organic,686
2025-04-14,Email,297
2025-04-14,Social,613
2025-04-14,Affiliate,204
2025-04-14,Direct,355
2025-04-15,Paid Search,822
2025-04-15,Organic,775
2025-04-15,Email,411
2025-04-15,Social,542
2025-04-15,Affiliate,230
2025-04-15,Direct,258
2025-04-16,Paid Search,901
2025-04-16,Organic,795
2025-04-16,Email,354
2025-04-16,Social,646
2025-04-16,Affiliate,216
2025-04-16,Direct,201
2025-04-17,Paid Search,832
2025-04-17,Organic,673
2025-04-17,Email,368
2025-04-17,Social,648
2025-04-17,Affiliate,254
2025-04-17,Direct,375
2025-04-18,Paid Search,985
2025-04-18,Organic,706
2025-04-18,Email,565
2025-04-18,Social,640
2025-04-18,Affiliate,254
2025-04-18,Direct,338
2025-04-19,Paid Search,879
2025-04-19,Organic,787
2025-04-19,Email,343
2025-04-19,Social,705
2025-04-19,Affiliate,219
2025-04-19,Direct,415
2025-04-20,Paid Search,1016
2025-04-20,Organic,895
2025-04-20,Email,426
2025-04-20,Social,751
2025-04-20,Affiliate,323
2025-04-20,Direct,401
2025-04-21,Paid Search,931
2025-04-21,Organic,767
2025-04-21,Email,368
2025-04-21,Social,536
2025-04-21,Affiliate,282
2025-04-21,Direct,290
2025-04-22,Paid Search,824
2025-04-22,Organic,788
2025-04-22,Email,440
2025-04-22,Social,447
2025-04-22,Affiliate,353
2025-04-22,Direct,412
2025-04-23,Paid Search,757
2025-04-23,Organic,652
2025-04-23,Email,463
2025-04-23,Social,501
2025-04-23,Affiliate,343
2025-04-23,Direct,340
2025-04-24,Paid Search,912
2025-04-24,Organic,698
2025-04-24,Email,326
2025-04-24,Social,535
2025-04-24,Affiliate,266
2025-04-24,Direct,265
2025-04-25,Paid Search,920
2025-04-25,Organic,739
2025-04-25,Email,379
2025-04-25,Social,502
2025-04-25,Affiliate,201
2025-04-25,Direct,396
2025-04-26,Paid Search,964
2025-04-26,Organic,857
2025-04-26,Email,387
2025-04-26,Social,661
2025-04-26,Affiliate,185
2025-04-26,Direct,406
2025-04-27,Paid Search,884
2025-04-27,Organic,810
2025-04-27,Email,497
2025-04-27,Social,625
2025-04-27,Affiliate,156
2025-04-27,Direct,406
2025-04-28,Paid Search,887
2025-04-28,Organic,750
2025-04-28,Email,272
2025-04-28,Social,604
2025-04-28,Affiliate,184
2025-04-28,Direct,304
2025-04-29,Paid Search,833
2025-04-29,Organic,875
2025-04-29,Email,485
2025-04-29,Social,593
2025-04-29,Affiliate,245
2025-04-29,Direct,297
2025-04-30,Paid Search,866
2025-04-30,Organic,887
2025-04-30,Email,435
2025-04-30,Social,685
2025-04-30,Affiliate,331
2025-04-30,Direct,210
2025-05-01,Paid Search,1002
2025-05-01,Organic,745
2025-05-01,Email,231
2025-05-01,Social,569
2025-05-01,Affiliate,137
2025-05-01,Direct,249
2025-05-02,Paid Search,898
2025-05-02,Organic,653
2025-05-02,Email,488
2025-05-02,Social,454
2025-05-02,Affiliate,189
2025-05-02,Direct,401
2025-05-03,Paid Search,990
2025-05-03,Organic,826
2025-05-03,Email,477
2025-05-03,Social,563
2025-05-03,Affiliate,212
2025-05-03,Direct,291
2025-05-04,Paid Search,818
2025-05-04,Organic,812
2025-05-04,Email,312
2025-05-04,Social,619
2025-05-04,Affiliate,347
2025-05-04,Direct,458
2025-05-05,Paid Search,868
2025-05-05,Organic,778
2025-05-05,Email,366
2025-05-05,Social,491
2025-05-05,Affiliate,344
2025-05-05,Direct,184
2025-05-06,Paid Search,944
2025-05-06,Organic,674
2025-05-06,Email,473
2025-05-06,Social,450
2025-05-06,Affiliate,254
2025-05-06,Direct,335
2025-05-07,Paid Search,858
2025-05-07,Organic,730
2025-05-07,Email,384
2025-05-07,Social,563
2025-05-07,Affiliate,258
2025-05-07,Direct,279
2025-05-08,Paid Search,909
2025-05-08,Organic,807
2025-05-08,Email,489
2025-05-08,Social,517
2025-05-08,Affiliate,207
2025-05-08,Direct,250
2025-05-09,Paid Search,889
2025-05-09,Organic,807
2025-05-09,Email,415
2025-05-09,Social,573
2025-05-09,Affiliate,240
2025-05-09,Direct,274
2025-05-10,Paid Search,984
2025-05-10,Organic,850
2025-05-10,Email,394
2025-05-10,Social,697
2025-05-10,Affiliate,302
2025-05-10,Direct,225
2025-05-11,Paid Search,893
2025-05-11,Organic,772
2025-05-11,Email,357
2025-05-11,Social,671
2025-05-11,Affiliate,341
2025-05-11,Direct,252
2025-05-12,Paid Search,930
2025-05-12,Organic,798
2025-05-12,Email,245
2025-05-12,Social,576
2025-05-12,Affiliate,308
2025-05-12,Direct,385
2025-05-13,Paid Search,825
2025-05-13,Organic,813
2025-05-13,Email,523
2025-05-13,Social,596
2025-05-13,Affiliate,286
2025-05-13,Direct,244
2025-05-14,Paid Search,904
2025-05-14,Organic,743
2025-05-14,Email,451
2025-05-14,Social,507
2025-05-14,Affiliate,217
2025-05-14,Direct,306
2025-05-15,Paid Search,864
2025-05-15,Organic,819
2025-05-15,Email,394
2025-05-15,Social,675
2025-05-15,Affiliate,240
2025-05-15,Direct,329
2025-05-16,Paid Search,900
2025-05-16,Organic,727
2025-05-16,Email,419
2025-05-16,Social,454
2025-05-16,Affiliate,382
2025-05-16,Direct,375
2025-05-17,Paid Search,850
2025-05-17,Organic,819
2025-05-17,Email,407
2025-05-17,Social,783
2025-05-17,Affiliate,226
2025-05-17,Direct,260
2025-05-18,Paid Search,949
2025-05-18,Organic,994
2025-05-18,Email,343
2025-05-18,Social,638
2025-05-18,Affiliate,340
2025-05-18,Direct,310
2025-05-19,Paid Search,897
2025-05-19,Organic,830
2025-05-19,Email,348
2025-05-19,Social,653
2025-05-19,Affiliate,222
2025-05-19,Direct,374
2025-05-20,Paid Search,906
2025-05-20,Organic,797
2025-05-20,Email,429
2025-05-20,Social,541
2025-05-20,Affiliate,298
2025-05-20,Direct,331
2025-05-21,Paid Search,858
2025-05-21,Organic,707
2025-05-21,Email,414
2025-05-21,Social,551
2025-05-21,Affiliate,374
2025-05-21,Direct,482
2025-05-22,Paid Search,969
2025-05-22,Organic,690
2025-05-22,Email,365
2025-05-22,Social,501
2025-05-22,Affiliate,302
2025-05-22,Direct,300
2025-05-23,Paid Search,838
2025-05-23,Organic,735
2025-05-23,Email,537
2025-05-23,Social,547
2025-05-23,Affiliate,274
2025-05-23,Direct,238
2025-05-24,Paid Search,989
2025-05-24,Organic,782
2025-05-24,Email,382
2025-05-24,Social,689
2025-05-24,Affiliate,137
2025-05-24,Direct,316
2025-05-25,Paid Search,1007
2025-05-25,Organic,841
2025-05-25,Email,360
2025-05-25,Social,769
2025-05-25,Affiliate,258
2025-05-25,Direct,477
2025-05-26,Paid Search,959
2025-05-26,Organic,776
2025-05-26,Email,413
2025-05-26,Social,511
2025-05-26,Affiliate,326
2025-05-26,Direct,213
2025-05-27,Paid Search,986
2025-05-27,Organic,772
2025-05-27,Email,447
2025-05-27,Social,555
2025-05-27,Affiliate,203
2025-05-27,Direct,286
2025-05-28,Paid Search,880
2025-05-28,Organic,768
2025-05-28,Email,352
2025-05-28,Social,531
2025-05-28,Affiliate,310
2025-05-28,Direct,309
2025-05-29,Paid Search,915
2025-05-29,Organic,706
2025-05-29,Email,316
2025-05-29,Social,633
2025-05-29,Affiliate,256
2025-05-29,Direct,432
2025-05-30,Paid Search,823
2025-05-30,Organic,800
2025-05-30,Email,512
2025-05-30,Social,519
2025-05-30,Affiliate,248
2025-05-30,Direct,304
2025-05-31,Paid Search,974
2025-05-31,Organic,776
2025-05-31,Email,394
2025-05-31,Social,682
2025-05-31,Affiliate,279
2025-05-31,Direct,320
2025-06-01,Paid Search,903
2025-06-01,Organic,933
2025-06-01,Email,425
2025-06-01,Social,638
2025-06-01,Affiliate,221
2025-06-01,Direct,283
2025-06-02,Paid Search,839
2025-06-02,Organic,816
2025-06-02,Email,416
2025-06-02,Social,562
2025-06-02,Affiliate,354
2025-06-02,Direct,169
2025-06-03,Paid Search,940
2025-06-03,Organic,799
2025-06-03,Email,468
2025-06-03,Social,605
2025-06-03,Affiliate,210
2025-06-03,Direct,285
2025-06-04,Paid Search,865
2025-06-04,Organic,812
2025-06-04,Email,428
2025-06-04,Social,569
2025-06-04,Affiliate,267
2025-06-04,Direct,300
2025-06-05,Paid Search,915
2025-06-05,Organic,897
2025-06-05,Email,316
2025-06-05,Social,620
2025-06-05,Affiliate,317
2025-06-05,Direct,310
2025-06-06,Paid Search,866
2025-06-06,Organic,855
2025-06-06,Email,427
2025-06-06,Social,565
2025-06-06,Affiliate,207
2025-06-06,Direct,380
2025-06-07,Paid Search,947
2025-06-07,Organic,910
2025-06-07,Email,301
2025-06-07,Social,680
2025-06-07,Affiliate,213
2025-06-07,Direct,251
2025-06-08,Paid Search,966
2025-06-08,Organic,830
2025-06-08,Email,423
2025-06-08,Social,642
2025-06-08,Affiliate,308
2025-06-08,Direct,291
2025-06-09,Paid Search,934
2025-06-09,Organic,899
2025-06-09,Email,279
2025-06-09,Social,501
2025-06-09,Affiliate,282
2025-06-09,Direct,334
2025-06-10,Paid Search,991
2025-06-10,Organic,690
2025-06-10,Email,539
2025-06-10,Social,632
2025-06-10,Affiliate,238
2025-06-10,Direct,265
2025-06-11,Paid Search,871
2025-06-11,Organic,879
2025-06-11,Email,347
2025-06-11,Social,565
2025-06-11,Affiliate,263
2025-06-11,Direct,320
2025-06-12,Paid Search,849
2025-06-12,Organic,862
2025-06-12,Email,383
2025-06-12,Social,519
2025-06-12,Affiliate,255
2025-06-12,Direct,302
2025-06-13,Paid Search,876
2025-06-13,Organic,664
2025-06-13,Email,499
2025-06-13,Social,636
2025-06-13,Affiliate,181
2025-06-13,Direct,342
2025-06-14,Paid Search,980
2025-06-14,Organic,805
2025-06-14,Email,364
2025-06-14,Social,715
2025-06-14,Affiliate,363
2025-06-14,Direct,367
2025-06-15,Paid Search,954
2025-06-15,Organic,905
2025-06-15,Email,419
2025-06-15,Social,814
2025-06-15,Affiliate,236
2025-06-15,Direct,360
2025-06-16,Paid Search,913
2025-06-16,Organic,826
2025-06-16,Email,402
2025-06-16,Social,526
2025-06-16,Affiliate,237
2025-06-16,Direct,319
2025-06-17,Paid Search,972
2025-06-17,Organic,762
2025-06-17,Email,476
2025-06-17,Social,540
2025-06-17,Affiliate,296
2025-06-17,Direct,266
2025-06-18,Paid Search,974
2025-06-18,Organic,764
2025-06-18,Email,377
2025-06-18,Social,472
2025-06-18,Affiliate,252
2025-06-18,Direct,258
2025-06-19,Paid Search,884
2025-06-19,Organic,780
2025-06-19,Email,398
2025-06-19,Social,486
2025-06-19,Affiliate,317
2025-06-19,Direct,394
2025-06-20,Paid Search,960
2025-06-20,Organic,790
2025-06-20,Email,522
2025-06-20,Social,566
2025-06-20,Affiliate,276
2025-06-20,Direct,396
2025-06-21,Paid Search,943
2025-06-21,Organic,823
2025-06-21,Email,490
2025-06-21,Social,753
2025-06-21,Affiliate,163
2025-06-21,Direct,353
2025-06-22,Paid Search,1050
2025-06-22,Organic,774
2025-06-22,Email,424
2025-06-22,Social,687
2025-06-22,Affiliate,261
2025-06-22,Direct,281
2025-06-23,Paid Search,935
2025-06-23,Organic,861
2025-06-23,Email,450
2025-06-23,Social,543
2025-06-23,Affiliate,205
2025-06-23,Direct,238
2025-06-24,Paid Search,933
2025-06-24,Organic,838
2025-06-24,Email,560
2025-06-24,Social,582
2025-06-24,Affiliate,209
2025-06-24,Direct,329
2025-06-25,Paid Search,844
2025-06-25,Organic,839
2025-06-25,Email,448
2025-06-25,Social,491
2025-06-25,Affiliate,269
2025-06-25,Direct,310
2025-06-26,Paid Search,924
2025-06-26,Organic,857
2025-06-26,Email,350
2025-06-26,Social,647
2025-06-26,Affiliate,301
2025-06-26,Direct,428
2025-06-27,Paid Search,862
2025-06-27,Organic,745
2025-06-27,Email,442
2025-06-27,Social,659
2025-06-27,Affiliate,192
2025-06-27,Direct,359
2025-06-28,Paid Search,947
2025-06-28,Organic,760
2025-06-28,Email,445
2025-06-28,Social,691
2025-06-28,Affiliate,395
2025-06-28,Direct,312
2025-06-29,Paid Search,1110
2025-06-29,Organic,885
2025-06-29,Email,400
2025-06-29,Social,624
2025-06-29,Affiliate,111
2025-06-29,Direct,392
2025-06-30,Paid Search,982
2025-06-30,Organic,790
2025-06-30,Email,454
2025-06-30,Social,544
2025-06-30,Affiliate,272
2025-06-30,Direct,428
2025-07-01,Paid Search,922
2025-07-01,Organic,726
2025-07-01,Email,456
2025-07-01,Social,609
2025-07-01,Affiliate,190
2025-07-01,Direct,382
2025-07-02,Paid Search,799
2025-07-02,Organic,772
2025-07-02,Email,350
2025-07-02,Social,552
2025-07-02,Affiliate,353
2025-07-02,Direct,281
2025-07-03,Paid Search,916
2025-07-03,Organic,709
2025-07-03,Email,338
2025-07-03,Social,542
2025-07-03,Affiliate,241
2025-07-03,Direct,302
2025-07-04,Paid Search,976
2025-07-04,Organic,738
2025-07-04,Email,537
2025-07-04,Social,671
2025-07-04,Affiliate,254
2025-07-04,Direct,387
2025-07-05,Paid Search,876
2025-07-05,Organic,827
2025-07-05,Email,410
2025-07-05,Social,684
2025-07-05,Affiliate,328
2025-07-05,Direct,389
2025-07-06,Paid Search,938
2025-07-06,Organic,893
2025-07-06,Email,462
2025-07-06,Social,790
2025-07-06,Affiliate,370
2025-07-06,Direct,415
2025-07-07,Paid Search,934
2025-07-07,Organic,783
2025-07-07,Email,441
2025-07-07,Social,627
2025-07-07,Affiliate,213
2025-07-07,Direct,361
2025-07-08,Paid Search,945
2025-07-08,Organic,777
2025-07-08,Email,452
2025-07-08,Social,592
2025-07-08,Affiliate,225
2025-07-08,Direct,362
2025-07-09,Paid Search,882
2025-07-09,Organic,825
2025-07-09,Email,417
2025-07-09,Social,551
2025-07-09,Affiliate,339
2025-07-09,Direct,305
2025-07-10,Paid Search,901
2025-07-10,Organic,855
2025-07-10,Email,469
2025-07-10,Social,626
2025-07-10,Affiliate,344
2025-07-10,Direct,373
2025-07-11,Paid Search,892
2025-07-11,Organic,822
2025-07-11,Email,425
2025-07-11,Social,590
2025-07-11,Affiliate,209
2025-07-11,Direct,340
2025-07-12,Paid Search,981
2025-07-12,Organic,762
2025-07-12,Email,471
2025-07-12,Social,782
2025-07-12,Affiliate,166
2025-07-12,Direct,352
2025-07-13,Paid Search,1025
2025-07-13,Organic,852
2025-07-13,Email,315
2025-07-13,Social,726
2025-07-13,Affiliate,293
2025-07-13,Direct,404
2025-07-14,Paid Search,1098
2025-07-14,Organic,910
2025-07-14,Email,339
2025-07-14,Social,531
2025-07-14,Affiliate,228
2025-07-14,Direct,388
2025-07-15,Paid Search,994
2025-07-15,Organic,785
2025-07-15,Email,537
2025-07-15,Social,501
2025-07-15,Affiliate,343
2025-07-15,Direct,354
2025-07-16,Paid Search,938
2025-07-16,Organic,726
2025-07-16,Email,374
2025-07-16,Social,615
2025-07-16,Affiliate,206
2025-07-16,Direct,332
2025-07-17,Paid Search,872
2025-07-17,Organic,815
2025-07-17,Email,366
2025-07-17,Social,638
2025-07-17,Affiliate,330
2025-07-17,Direct,308
2025-07-18,Paid Search,901
2025-07-18,Organic,790
2025-07-18,Email,565
2025-07-18,Social,714
2025-07-18,Affiliate,306
2025-07-18,Direct,283
2025-07-19,Paid Search,1000
2025-07-19,Organic,852
2025-07-19,Email,432
2025-07-19,Social,838
2025-07-19,Affiliate,332
2025-07-19,Direct,366
2025-07-20,Paid Search,980
2025-07-20,Organic,843
2025-07-20,Email,522
2025-07-20,Social,752
2025-07-20,Affiliate,354
2025-07-20,Direct,397
2025-07-21,Paid Search,791
2025-07-21,Organic,760
2025-07-21,Email,295
2025-07-21,Social,547
2025-07-21,Affiliate,173
2025-07-21,Direct,270
2025-07-22,Paid Search,897
2025-07-22,Organic,747
2025-07-22,Email,575
2025-07-22,Social,680
2025-07-22,Affiliate,305
2025-07-22,Direct,367
2025-07-23,Paid Search,945
2025-07-23,Organic,863
2025-07-23,Email,441
2025-07-23,Social,554
2025-07-23,Affiliate,327
2025-07-23,Direct,334
2025-07-24,Paid Search,925
2025-07-24,Organic,819
2025-07-24,Email,379
2025-07-24,Social,632
2025-07-24,Affiliate,302
2025-07-24,Direct,409
2025-07-25,Paid Search,910
2025-07-25,Organic,705
2025-07-25,Email,331
2025-07-25,Social,563
2025-07-25,Affiliate,263
2025-07-25,Direct,333
2025-07-26,Paid Search,964
2025-07-26,Organic,889
2025-07-26,Email,458
2025-07-26,Social,754
2025-07-26,Affiliate,266
2025-07-26,Direct,463
2025-07-27,Paid Search,908
2025-07-27,Organic,886
2025-07-27,Email,507
2025-07-27,Social,795
2025-07-27,Affiliate,398
2025-07-27,Direct,321
2025-07-28,Paid Search,965
2025-07-28,Organic,809
2025-07-28,Email,426
2025-07-28,Social,683
2025-07-28,Affiliate,288
2025-07-28,Direct,256
2025-07-29,Paid Search,892
2025-07-29,Organic,822
2025-07-29,Email,522
2025-07-29,Social,527
2025-07-29,Affiliate,101
2025-07-29,Direct,364
2025-07-30,Paid Search,984
2025-07-30,Organic,818
2025-07-30,Email,374
2025-07-30,Social,554
2025-07-30,Affiliate,178
2025-07-30,Direct,369
2025-07-31,Paid Search,894
2025-07-31,Organic,809
2025-07-31,Email,335
2025-07-31,Social,609
2025-07-31,Affiliate,326
2025-07-31,Direct,305
2025-08-01,Paid Search,828
2025-08-01,Organic,845
2025-08-01,Email,485
2025-08-01,Social,643
2025-08-01,Affiliate,262
2025-08-01,Direct,349
